Opponent,Result,Winning Team,Winning Team Formation,Losing Team Formation,Winning Team Goals,Losing Team Goals,Winning Team xG,Losing Team xG
Villarreal,D,Draw,3-4-3,4-4-2,2,2,1.1,0.8
Girona,W,Atletico Madrid,5-3-2,4-3-3,3,0,1.2,0.7
Espanyol,D,Draw,5-3-2,5-3-2,0,0,2.3,0.6
Athletic Club,W,Atletico Madrid,3-4-3,4-2-3-1,1,0,1.7,0.3
Valencia,W,Atletico Madrid,5-3-2,4-4-2,3,0,3.1,0.1
de RB Leipzig,W,Atletico Madrid,3-4-3,4-4-2,2,1,1.7,0.7
Rayo Vallecano,D,Draw,5-3-2,4-2-3-1,1,1,0.5,1.7
Celta Vigo,W,Atletico Madrid,4-4-2,3-4-3,1,0,0.6,1.5
Real Madrid,D,Draw,4-4-2,4-4-2,1,1,1.3,0.8
pt Benfica,L,pt Benfica,4-3-3,3-4-3,4,0,0.2,4.4
Real Sociedad,D,Draw,5-4-1,4-1-4-1,1,1,0.5,1.0
Leganés,W,Atletico Madrid,4-1-2-1-2◆,4-4-1-1,3,1,4.4,0.3
fr Lille,L,fr Lille,3-4-3,4-3-3,3,1,2.3,1.3
Betis,L,Betis,4-4-2,4-4-2,1,0,0.5,1.9
UE Vic,W,Atletico Madrid,3-4-3,4-3-3,2,0,,
Las Palmas,W,Atletico Madrid,4-4-2,4-3-3,2,0,1.6,0.0
fr Paris S-G,W,Atletico Madrid,4-4-2,4-3-3,2,1,0.7,2.1
Mallorca,W,Atletico Madrid,4-4-1-1,4-4-2,1,0,0.6,0.6
Alavés,W,Atletico Madrid,4-4-2,4-2-3-1,2,1,1.6,0.9
cz Sparta Prague,W,Atletico Madrid,4-4-2,3-4-3,6,0,3.1,0.2
Valladolid,W,Atletico Madrid,4-4-2,5-4-1,5,0,4.0,0.6
Cacereño,W,Atletico Madrid,4-4-2,4-2-3-1,3,1,,
Sevilla,W,Atletico Madrid,4-4-2,4-3-3,4,3,2.0,0.4
sk Slovan Bratislava,W,Atletico Madrid,4-4-2,3-4-3,3,1,2.0,1.0
Getafe,W,Atletico Madrid,4-4-2,4-5-1,1,0,1.7,0.2
Barcelona,W,Atletico Madrid,4-4-2,4-2-3-1,2,1,0.7,2.7
Marbella,W,Atletico Madrid,4-4-2,4-4-2,1,0,,
Osasuna,W,Atletico Madrid,4-4-2,5-3-2,1,0,2.5,0.3
Elche,W,Atletico Madrid,5-4-1,4-3-3,4,0,,
Leganés,L,Leganés,5-4-1,4-4-2,1,0,2.4,0.5
de Leverkusen,W,Atletico Madrid,5-4-1,4-2-3-1,2,1,0.8,0.8
Villarreal,D,Draw,4-4-2,4-4-2,1,1,1.7,2.2
at RB Salzburg,W,Atletico Madrid,4-4-2,4-4-2,4,1,2.1,0.6
Mallorca,W,Atletico Madrid,4-4-2,5-3-2,2,0,1.3,0.5
Getafe,W,Atletico Madrid,4-4-2,4-4-2,5,0,,
Real Madrid,D,Draw,4-4-2,4-2-3-1,1,1,1.5,1.6
Celta Vigo,D,Draw,4-4-2,3-4-3,1,1,0.6,1.7
Valencia,W,Atletico Madrid,4-4-2,3-4-3,3,0,1.3,0.8
Barcelona,D,Draw,4-4-2,4-2-3-1,4,4,,
Athletic Club,W,Atletico Madrid,4-4-2,4-2-3-1,1,0,2.2,1.1
es Real Madrid,L,es Real Madrid,4-4-2,4-4-2,2,1,0.2,0.7
Getafe,L,Getafe,4-1-4-1,4-4-2,2,1,0.9,1.2
es Real Madrid,W,Atletico Madrid,4-4-2,4-4-2,1 (2),0 (4),1.4,1.1
Barcelona,L,Barcelona,4-2-3-1,4-4-2,4,2,1.4,1.3
Espanyol,D,Draw,4-4-2,4-2-3-1,1,1,0.8,1.0
Barcelona,L,Barcelona,4-2-3-1,5-3-2,1,0,,
Sevilla,W,Atletico Madrid,4-4-2,4-3-3,2,1,1.3,0.9
Valencia,W,Barcelona,4-2-3-1,4-4-2,2.0,1.0,3.2,1.0
Athletic Club,W,Barcelona,4-2-3-1,4-2-3-1,2.0,1.0,1.8,1.0
Rayo Vallecano,W,Barcelona,4-2-3-1,4-4-2,2.0,1.0,1.4,0.4
Valladolid,W,Barcelona,4-3-3,4-1-4-1,7.0,0.0,4.7,0.5
Girona,W,Barcelona,4-2-3-1,4-2-3-1,4.0,1.0,1.9,1.3
fr Monaco,L,fr Monaco,4-2-3-1,4-2-3-1,2.0,1.0,0.4,1.3
Villarreal,W,Barcelona,4-3-3,4-4-2,5.0,1.0,3.9,2.2
Getafe,W,Barcelona,4-2-3-1,4-1-4-1,1.0,0.0,1.9,0.7
Osasuna,L,Osasuna,4-3-3,4-3-3,4.0,2.0,0.8,2.2
ch Young Boys,W,Barcelona,4-2-3-1,4-1-4-1,5.0,0.0,3.4,0.8
Alavés,W,Barcelona,4-2-3-1,4-2-3-1,3.0,0.0,2.7,0.7
Sevilla,W,Barcelona,4-2-3-1,4-2-3-1,5.0,1.0,3.8,1.0
de Bayern Munich,W,Barcelona,4-2-3-1,4-2-3-1,4.0,1.0,2.2,1.0
Real Madrid,W,Barcelona,4-2-3-1,4-4-2,4.0,0.0,2.6,1.5
Espanyol,W,Barcelona,4-2-3-1,4-1-4-1,3.0,1.0,1.8,0.9
rs Red Star,W,Barcelona,4-2-3-1,4-5-1,5.0,2.0,3.6,0.2
Real Sociedad,L,Real Sociedad,4-1-4-1,4-2-3-1,1.0,0.0,0.7,2.0
Celta Vigo,D,Draw,4-2-3-1,4-4-2,2.0,2.0,1.8,2.5
fr Brest,W,Barcelona,4-2-3-1,4-1-2-1-2,3.0,0.0,2.8,0.1
Las Palmas,L,Las Palmas,4-2-3-1,4-2-3-1,2.0,1.0,2.3,0.5
Mallorca,W,Barcelona,4-2-3-1,4-4-2,5.0,1.0,5.0,0.9
Betis,D,Draw,4-3-3,4-2-3-1,2.0,2.0,1.9,3.1
de Dortmund,W,Barcelona,4-2-3-1,4-3-3,3.0,2.0,2.0,2.7
Leganés,L,Leganés,5-4-1,4-2-3-1,1.0,0.0,2.6,0.4
Atlético Madrid,L,Atlético Madrid,4-4-2,4-2-3-1,2.0,1.0,2.7,0.7
Barbastro,W,Barcelona,4-2-3-1,5-3-2,4.0,0.0,,
Athletic Club,W,Barcelona,4-2-3-1,4-2-3-1,2.0,0.0,,
Real Madrid,W,Barcelona,4-2-3-1,4-2-3-1,5.0,2.0,,
Betis,W,Barcelona,4-3-3,4-2-3-1,5.0,1.0,,
Getafe,D,Draw,4-2-3-1,4-1-4-1,1.0,1.0,2.3,1.3
pt Benfica,W,Barcelona,4-2-3-1,4-3-3,5.0,4.0,3.6,3.3
Valencia,W,Barcelona,4-2-3-1,4-4-2,7.0,1.0,4.4,1.5
it Atalanta,D,Draw,4-2-3-1,3-4-1-2,2.0,2.0,2.4,1.2
Alavés,W,Barcelona,4-3-3,4-2-3-1,1.0,0.0,1.0,0.1
Valencia,W,Barcelona,4-3-3,5-4-1,5.0,0.0,,
Sevilla,W,Barcelona,4-2-3-1,4-2-3-1,4.0,1.0,1.9,0.7
Rayo Vallecano,W,Barcelona,4-2-3-1,4-2-3-1,1.0,0.0,2.3,1.0
Las Palmas,W,Barcelona,4-2-3-1,4-2-3-1,2.0,0.0,1.4,0.4
Atlético Madrid,D,Draw,4-2-3-1,4-4-2,4.0,4.0,,
Real Sociedad,W,Barcelona,4-1-4-1,4-1-4-1,4.0,0.0,2.8,0.0
pt Benfica,W,Barcelona,4-2-3-1,4-3-3,1.0,0.0,1.2,1.7
pt Benfica,W,Barcelona,4-2-3-1,4-3-3,3.0,1.0,2.4,0.7
Atlético Madrid,W,Barcelona,4-2-3-1,4-4-2,4.0,2.0,1.3,1.4
Osasuna,W,Barcelona,4-3-3,4-4-2,3.0,0.0,3.7,0.4
Girona,W,Barcelona,4-2-3-1,4-4-2,4.0,1.0,2.3,0.5
Atlético Madrid,W,Barcelona,4-2-3-1,5-3-2,1.0,0.0,,
Betis,D,Draw,4-3-3,4-2-3-1,1.0,1.0,1.4,0.3
Stuttgart,D,Draw,3-4-3,4-2-3-1,2 (4),2 (3),,
Gladbach,W,Bayer Leverkusen,3-4-3,4-2-3-1,3,2,2.7,1.6
Carl Zeiss Jena,W,Bayer Leverkusen,3-4-3,4-4-2,1,0,,
RB Leipzig,L,RB Leipzig,3-4-3,3-4-3,3,2,2.2,1.1
Hoffenheim,W,Bayer Leverkusen,3-4-3,3-4-1-2,4,1,3.5,0.9
nl Feyenoord,W,Bayer Leverkusen,3-4-3,4-3-3,4,0,1.7,0.8
Wolfsburg,W,Bayer Leverkusen,3-4-3,4-1-4-1,4,3,1.9,0.7
Bayern Munich,D,Draw,3-4-3,4-2-3-1,1,1,0.1,1.4
it Milan,W,Bayer Leverkusen,3-4-3,4-2-3-1,1,0,1.8,1.0
Holstein Kiel,D,Draw,3-4-3,3-5-2,2,2,2.1,1.6
Eint Frankfurt,W,Bayer Leverkusen,3-4-3,4-4-2,2,1,3.8,1.9
fr Brest,D,Draw,4-2-3-1,4-3-3,1,1,1.0,0.5
Werder Bremen,D,Draw,3-4-3,3-4-3,2,2,1.3,1.6
Elversberg,W,Bayer Leverkusen,3-5-2,5-3-2,3,0,,
Stuttgart,D,Draw,3-4-3,4-4-2,0,0,2.2,0.3
eng Liverpool,L,eng Liverpool,4-3-3,3-5-2,4,0,0.9,3.7
Bochum,D,Draw,3-4-3,5-4-1,1,1,1.2,0.7
Heidenheim,W,Bayer Leverkusen,3-4-3,4-3-1-2,5,2,2.2,1.1
at RB Salzburg,W,Bayer Leverkusen,3-5-2,4-3-3,5,0,4.3,0.3
Union Berlin,W,Bayer Leverkusen,4-5-1,3-4-3,2,1,0.9,0.7
Bayern Munich,W,Bayer Leverkusen,4-5-1,4-2-3-1,1,0,,
St. Pauli,W,Bayer Leverkusen,3-5-2,3-4-3,2,1,0.9,1.8
it Inter,W,Bayer Leverkusen,4-2-3-1,3-5-2,1,0,1.1,0.3
Augsburg,W,Bayer Leverkusen,3-4-3,3-1-4-2,2,0,0.8,0.6
Freiburg,W,Bayer Leverkusen,3-4-3,4-2-3-1,5,1,2.8,0.7
Dortmund,W,Bayer Leverkusen,4-4-2,4-1-3-2,3,2,1.6,1.3
Mainz 05,W,Bayer Leverkusen,3-4-3,3-4-3,1,0,1.8,0.7
Gladbach,W,Bayer Leverkusen,4-2-3-1,4-5-1,3,1,2.1,0.6
es Atlético Madrid,L,es Atlético Madrid,5-4-1,4-2-3-1,2,1,0.8,0.8
RB Leipzig,D,Draw,4-2-3-1,4-4-2,2,2,2.4,0.7
cz Sparta Prague,W,Bayer Leverkusen,3-4-3,3-5-2,2,0,1.7,0.7
Hoffenheim,W,Bayer Leverkusen,3-4-3,3-4-3,3,1,1.4,1.9
Köln,W,Bayer Leverkusen,3-4-3,3-4-1-2,3,2,,
Wolfsburg,D,Draw,3-5-2,4-1-3-2,0,0,1.4,0.7
Bayern Munich,D,Draw,4-4-2,4-2-3-1,0,0,2.0,0.0
Holstein Kiel,W,Bayer Leverkusen,3-4-3,3-5-2,2,0,1.8,0.3
Eint Frankfurt,W,Bayer Leverkusen,3-4-3,3-1-4-2,4,1,2.0,1.1
de Bayern Munich,L,de Bayern Munich,4-2-3-1,4-4-2,3,0,0.4,2.7
Werder Bremen,L,Werder Bremen,3-5-2,3-4-3,2,0,1.6,1.1
de Bayern Munich,L,de Bayern Munich,4-2-3-1,4-5-1,2,0,1.4,2.3
Stuttgart,W,Bayer Leverkusen,4-4-1-1,4-4-2,4,3,1.7,2.3
Bochum,W,Bayer Leverkusen,3-5-2,5-3-2,3,1,2.0,0.5
Arminia,L,Arminia,5-4-1,3-5-2,2,1,,
Heidenheim,W,Bayer Leverkusen,3-4-3,5-4-1,1,0,0.4,1.0
Ulm,W,Bayern Munich,4-2-3-1,5-3-2,4.0,0.0,,
Wolfsburg,W,Bayern Munich,4-2-3-1,4-2-3-1,3.0,2.0,2.4,1.9
Freiburg,W,Bayern Munich,4-1-4-1,4-2-3-1,2.0,0.0,1.5,1.0
Holstein Kiel,W,Bayern Munich,4-2-3-1,4-3-3,6.0,1.0,3.2,0.3
hr Dinamo Zagreb,W,Bayern Munich,4-2-3-1,5-3-2,9.0,2.0,5.9,0.7
Werder Bremen,W,Bayern Munich,4-2-3-1,3-5-2,5.0,0.0,3.0,0.0
Leverkusen,D,Draw,4-2-3-1,3-4-3,1.0,1.0,1.4,0.1
eng Aston Villa,L,eng Aston Villa,4-2-3-1,4-2-3-1,1.0,0.0,1.5,0.4
Eint Frankfurt,D,Draw,4-2-3-1,4-4-2,3.0,3.0,2.2,1.2
Stuttgart,W,Bayern Munich,4-2-3-1,4-2-3-1,4.0,0.0,3.2,0.5
es Barcelona,L,es Barcelona,4-2-3-1,4-2-3-1,4.0,1.0,1.0,2.2
Bochum,W,Bayern Munich,4-2-3-1,3-5-2,5.0,0.0,2.2,0.6
Mainz 05,W,Bayern Munich,4-2-3-1,3-4-3,4.0,0.0,,
Union Berlin,W,Bayern Munich,4-2-3-1,3-4-3,3.0,0.0,2.5,0.5
pt Benfica,W,Bayern Munich,4-2-3-1,5-3-2,1.0,0.0,1.4,0.1
St. Pauli,W,Bayern Munich,4-2-3-1,5-4-1,1.0,0.0,0.8,0.1
Augsburg,W,Bayern Munich,4-2-3-1,3-5-2,3.0,0.0,3.7,0.1
fr Paris S-G,W,Bayern Munich,4-2-3-1,4-4-2,1.0,0.0,2.4,0.8
Dortmund,D,Draw,4-2-3-1,4-2-3-1,1.0,1.0,1.5,0.6
Leverkusen,L,Leverkusen,4-5-1,4-2-3-1,1.0,0.0,,
Heidenheim,W,Bayern Munich,4-2-3-1,5-3-2,4.0,2.0,2.4,1.3
ua Shakhtar,W,Bayern Munich,4-2-3-1,4-1-4-1,5.0,1.0,3.6,1.2
Mainz 05,L,Mainz 05,3-4-3,4-2-3-1,2.0,1.0,1.4,1.0
RB Leipzig,W,Bayern Munich,4-2-3-1,5-3-2,5.0,1.0,3.3,0.4
Gladbach,W,Bayern Munich,4-2-3-1,4-2-3-1,1.0,0.0,4.3,0.4
Hoffenheim,W,Bayern Munich,4-2-3-1,4-2-3-1,5.0,0.0,3.4,0.2
Wolfsburg,W,Bayern Munich,4-2-3-1,4-1-3-2,3.0,2.0,3.0,0.5
nl Feyenoord,L,nl Feyenoord,4-3-3,4-2-3-1,3.0,0.0,2.4,1.7
Freiburg,W,Bayern Munich,4-2-3-1,4-2-3-1,2.0,1.0,1.0,0.3
sk Slovan Bratislava,W,Bayern Munich,4-1-4-1,3-4-3,3.0,1.0,3.7,0.9
Holstein Kiel,W,Bayern Munich,4-2-3-1,5-4-1,4.0,3.0,3.4,1.8
Werder Bremen,W,Bayern Munich,4-2-3-1,5-3-2,3.0,0.0,4.1,0.1
sct Celtic,W,Bayern Munich,4-2-3-1,4-3-3,2.0,1.0,0.7,1.3
Leverkusen,D,Draw,4-2-3-1,4-4-2,0.0,0.0,0.0,2.0
sct Celtic,D,Draw,4-2-3-1,4-3-3,1.0,1.0,2.3,1.3
Eint Frankfurt,W,Bayern Munich,4-2-3-1,3-4-3,4.0,0.0,3.8,0.5
Stuttgart,W,Bayern Munich,4-2-3-1,4-2-2-2,3.0,1.0,2.2,0.9
de Leverkusen,W,Bayern Munich,4-2-3-1,4-4-2,3.0,0.0,2.7,0.4
Bochum,L,Bochum,5-3-2,4-2-3-1,3.0,2.0,2.4,1.1
de Leverkusen,W,Bayern Munich,4-2-3-1,4-5-1,2.0,0.0,2.3,1.4
Union Berlin,D,Draw,4-2-3-1,5-4-1,1.0,1.0,1.6,0.7
St. Pauli,W,Bayern Munich,4-2-3-1,3-4-1-2,3.0,2.0,3.5,1.0
Augsburg,W,Bayern Munich,4-2-3-1,3-4-3,3.0,1.0,2.4,0.4
Manchester City,L,Manchester City,3-2-4-1,4-2-3-1,2.0,0.0,1.0,0.8
ch Servette FC,W,Chelsea,4-3-3,4-2-3-1,2.0,0.0,,
Wolves,W,Chelsea,4-2-3-1,4-2-3-1,6.0,2.0,1.6,1.9
ch Servette FC,L,ch Servette FC,4-4-1-1,4-2-3-1,2.0,1.0,,
Crystal Palace,D,Draw,4-2-3-1,3-4-3,1.0,1.0,2.4,0.5
Bournemouth,W,Chelsea,4-2-3-1,4-2-3-1,1.0,0.0,0.8,1.7
West Ham,W,Chelsea,4-2-3-1,3-4-3,3.0,0.0,2.2,0.9
Barrow,W,Chelsea,4-2-3-1,5-3-2,5.0,0.0,,
Brighton,W,Chelsea,4-2-3-1,4-3-3,4.0,2.0,4.2,1.1
be Gent,W,Chelsea,4-3-3,4-2-3-1,4.0,2.0,,
Nott'ham Forest,D,Draw,4-2-3-1,4-2-3-1,1.0,1.0,2.3,0.9
Liverpool,L,Liverpool,4-2-3-1,4-2-3-1,2.0,1.0,1.0,1.9
gr Panathinaikos,W,Chelsea,4-3-3,4-2-3-1,4.0,1.0,,
Newcastle Utd,W,Chelsea,4-2-3-1,4-3-3,2.0,1.0,1.6,1.8
Newcastle Utd,L,Newcastle Utd,4-3-3,4-2-3-1,2.0,0.0,,
Manchester Utd,D,Draw,4-2-3-1,4-2-3-1,1.0,1.0,1.1,2.0
am FC Noah,W,Chelsea,4-1-4-1,4-3-3,8.0,0.0,,
Arsenal,D,Draw,4-2-3-1,4-3-3,1.0,1.0,1.5,1.5
Leicester City,W,Chelsea,4-2-3-1,4-4-1-1,2.0,1.0,2.7,1.1
de Heidenheim,W,Chelsea,4-4-2,4-2-3-1,2.0,0.0,,
Aston Villa,W,Chelsea,4-2-3-1,4-2-3-1,3.0,0.0,1.6,1.2
Southampton,W,Chelsea,4-2-3-1,5-3-2,5.0,1.0,5.2,1.6
Tottenham,W,Chelsea,4-2-3-1,4-3-3,4.0,3.0,2.8,2.8
kz Astana FK,W,Chelsea,4-3-3,4-2-3-1,3.0,1.0,,
Brentford,W,Chelsea,4-2-3-1,3-5-2,2.0,1.0,2.2,1.6
ie Shamrock Rov,W,Chelsea,4-2-3-1,3-5-2,5.0,1.0,,
Everton,D,Draw,4-2-3-1,4-3-3,0.0,0.0,1.2,1.0
Fulham,L,Fulham,4-5-1,4-2-3-1,2.0,1.0,1.1,1.8
Ipswich Town,L,Ipswich Town,5-4-1,4-2-3-1,2.0,0.0,2.0,1.6
Crystal Palace,D,Draw,4-2-3-1,3-4-3,1.0,1.0,1.2,1.1
Morecambe,W,Chelsea,4-1-4-1,4-5-1,5.0,0.0,,
Bournemouth,D,Draw,4-2-3-1,4-2-3-1,2.0,2.0,2.5,1.2
Wolves,W,Chelsea,4-2-3-1,3-4-3,3.0,1.0,3.1,0.8
Manchester City,L,Manchester City,4-3-3,4-2-3-1,3.0,1.0,1.8,2.2
West Ham,W,Chelsea,4-2-3-1,3-4-3,2.0,1.0,1.6,1.2
Brighton,L,Brighton,4-2-3-1,4-2-3-1,2.0,1.0,,
Brighton,L,Brighton,5-4-1,4-2-3-1,3.0,0.0,0.5,1.4
Aston Villa,L,Aston Villa,4-2-3-1,4-2-3-1,2.0,1.0,2.3,2.3
Southampton,W,Chelsea,4-2-3-1,5-4-1,4.0,0.0,2.4,0.7
dk FC Copenhagen,W,Chelsea,4-2-3-1,5-4-1,2.0,1.0,,
Leicester City,W,Chelsea,4-2-3-1,3-4-3,1.0,0.0,1.7,0.1
dk FC Copenhagen,W,Chelsea,4-2-3-1,5-4-1,1.0,0.0,,
Arsenal,L,Arsenal,4-3-3,4-2-3-1,1.0,0.0,0.4,0.7
Tottenham,W,Chelsea,4-2-3-1,4-3-3,1.0,0.0,1.0,0.9
Brentford,D,Draw,4-2-3-1,4-2-3-1,0.0,0.0,1.2,1.1
Como,W,Juventus,4-2-3-1,4-4-2,3,0,1.2,0.2
Hellas Verona,W,Juventus,4-2-3-1,3-4-3,3,0,1.2,0.5
Roma,D,Draw,4-2-3-1,4-2-3-1,0,0,0.5,0.3
Empoli,D,Draw,4-2-3-1,3-4-3,0,0,0.9,0.5
nl PSV Eindhoven,W,Juventus,4-3-3,4-3-3,3,1,2.9,1.0
Napoli,D,Draw,4-2-3-1,4-2-3-1,0,0,0.3,0.3
Genoa,W,Juventus,4-2-3-1,3-5-2,3,0,2.6,0.4
de RB Leipzig,W,Juventus,4-2-3-1,4-4-2,3,2,1.2,3.3
Cagliari,D,Draw,4-2-3-1,4-2-3-1,1,1,2.4,1.1
Lazio,W,Juventus,4-3-3,4-2-3-1,1,0,1.3,0.1
de Stuttgart,L,de Stuttgart,4-2-3-1,4-3-3,1,0,0.2,2.5
Inter,D,Draw,4-2-3-1,3-5-2,4,4,2.1,3.0
Parma,D,Draw,4-3-3,4-2-3-1,2,2,2.4,1.2
Udinese,W,Juventus,4-2-3-1,3-5-2,2,0,1.3,0.6
fr Lille,D,Draw,4-2-3-1,4-2-3-1,1,1,1.4,0.8
Torino,W,Juventus,4-2-3-1,3-5-2,2,0,1.7,0.4
Milan,D,Draw,4-2-2-2,4-3-3,0,0,0.4,0.3
eng Aston Villa,D,Draw,4-2-3-1,4-2-3-1,0,0,0.4,1.2
Lecce,D,Draw,4-2-3-1,4-2-3-1,1,1,1.3,1.5
Bologna,D,Draw,4-2-3-1,4-2-3-1,2,2,1.0,0.9
eng Manchester City,W,Juventus,4-2-3-1,4-2-3-1,2,0,1.1,1.2
Venezia,D,Draw,4-2-3-1,3-4-3,2,2,2.1,0.4
Cagliari,W,Juventus,4-2-3-1,4-4-1-1,4,0,,
Monza,W,Juventus,4-2-3-1,3-4-3,2,1,1.8,1.3
Fiorentina,D,Draw,4-2-3-1,4-2-3-1,2,2,1.5,1.0
Milan,L,Milan,4-3-3,4-2-3-1,2,1,,
Torino,D,Draw,4-2-3-1,4-4-2,1,1,0.9,0.6
Atalanta,D,Draw,4-2-3-1,3-4-1-2,1,1,1.5,1.4
Milan,W,Juventus,4-2-3-1,4-3-3,2,0,1.1,0.9
be Club Brugge,D,Draw,4-2-3-1,4-2-3-1,0,0,0.4,0.7
Napoli,L,Napoli,4-3-3,4-2-3-1,2,1,0.8,2.3
pt Benfica,L,pt Benfica,4-3-3,4-2-3-1,2,0,0.9,2.2
Empoli,W,Juventus,4-2-3-1,3-4-3,4,1,1.8,0.8
Como,W,Juventus,4-2-3-1,4-2-3-1,2,1,1.1,0.9
nl PSV Eindhoven,W,Juventus,4-2-3-1,4-2-3-1,2,1,1.4,0.8
Inter,W,Juventus,4-2-3-1,3-5-2,1,0,1.3,1.8
nl PSV Eindhoven,L,nl PSV Eindhoven,4-2-3-1,4-2-3-1,3,1,1.7,3.4
Cagliari,W,Juventus,4-2-3-1,4-5-1,1,0,2.1,0.3
Empoli,D,Draw,4-1-4-1,3-5-2,1 (2),1 (4),,
Hellas Verona,W,Juventus,4-2-3-1,5-3-2,2,0,2.0,0.2
Atalanta,L,Atalanta,3-4-3,4-2-3-1,4,0,0.9,3.2
Fiorentina,L,Fiorentina,3-5-1-1,4-2-3-1,3,0,0.8,0.4
Genoa,W,Juventus,3-4-3,4-2-3-1,1,0,0.9,0.4
Roma,D,Draw,3-4-3,3-4-3,1,1,0.8,1.1
Ipswich Town,,Liverpool,4-2-3-1,4-2-3-1,2,0,2.6,0.5
Brentford,,Liverpool,4-2-3-1,4-4-2,2,0,2.5,0.5
Manchester Utd,,Liverpool,4-2-3-1,4-2-3-1,3,0,1.8,1.4
Nott'ham Forest,,Nott'ham Forest,4-2-3-1,4-2-3-1,1,0,0.4,0.9
it Milan,,Liverpool,4-2-3-1,4-2-3-1,3,1,3.1,0.6
Bournemouth,,Liverpool,4-2-3-1,4-2-3-1,3,0,2.0,1.1
West Ham,,Liverpool,4-2-3-1,4-2-3-1,5,1,,
Wolves,,Liverpool,4-2-3-1,4-1-4-1,2,1,2.5,0.6
it Bologna,,Liverpool,4-2-3-1,4-1-4-1,2,0,1.2,0.6
Crystal Palace,,Liverpool,4-2-3-1,3-4-3,1,0,1.4,0.6
Chelsea,,Liverpool,4-2-3-1,4-2-3-1,2,1,1.9,1.0
de RB Leipzig,,Liverpool,4-3-3,4-4-2,1,0,2.3,0.8
Arsenal,,Draw,4-2-3-1,4-4-2,2,2,0.8,0.9
Brighton,,Liverpool,4-4-2,4-2-3-1,3,2,,
Brighton,,Liverpool,4-2-3-1,4-4-2,2,1,1.6,1.0
de Leverkusen,,Liverpool,4-3-3,3-5-2,4,0,3.7,0.9
Aston Villa,,Liverpool,4-2-3-1,4-2-3-1,2,0,2.0,1.2
Southampton,,Liverpool,4-2-3-1,5-4-1,3,2,3.1,1.3
es Real Madrid,,Liverpool,4-3-3,4-2-2-2,2,0,2.7,1.2
Manchester City,,Liverpool,4-2-3-1,4-2-3-1,2,0,3.4,0.8
Newcastle Utd,,Draw,4-2-3-1,4-3-3,3,3,1.9,2.1
es Girona,,Liverpool,4-3-3,4-2-3-1,1,0,1.8,1.2
Fulham,,Draw,4-3-3,4-2-3-1,2,2,2.1,1.2
Southampton,,Liverpool,4-3-3,5-4-1,2,1,,
Tottenham,,Liverpool,4-2-3-1,4-2-3-1,6,3,5.6,1.3
Leicester City,,Liverpool,4-2-3-1,4-2-3-1,3,1,2.0,0.3
West Ham,,Liverpool,4-2-3-1,4-2-3-1,5,0,3.1,0.4
Manchester Utd,,Draw,4-2-3-1,3-4-3,2,2,2.7,1.0
Tottenham,,Tottenham,4-3-3,4-2-3-1,1,0,,
Acc'ton Stanley,,Liverpool,4-3-3,4-3-1-2,4,0,,
Nott'ham Forest,,Draw,4-2-3-1,4-2-3-1,1,1,2.0,0.3
Brentford,,Liverpool,4-2-3-1,4-2-3-1,2,0,3.4,0.7
fr Lille,,Liverpool,4-3-3,4-2-3-1,2,1,2.5,0.5
Ipswich Town,,Liverpool,4-2-3-1,4-2-3-1,4,1,2.0,0.5
nl PSV Eindhoven,,nl PSV Eindhoven,4-4-2,4-3-3,3,2,1.3,1.6
Bournemouth,,Liverpool,4-2-3-1,4-2-3-1,2,0,2.5,1.6
Tottenham,,Liverpool,4-2-3-1,4-3-3,4,0,,
Plymouth Argyle,,Plymouth Argyle,3-4-3,4-3-3,1,0,,
Everton,,Draw,4-2-3-1,4-2-3-1,2,2,0.6,1.0
Wolves,,Liverpool,4-2-3-1,3-4-3,2,1,1.7,1.5
Aston Villa,,Draw,4-2-3-1,4-2-3-1,2,2,2.5,0.6
Manchester City,,Liverpool,4-2-2-2,4-1-4-1,2,0,0.7,0.6
Newcastle Utd,,Liverpool,4-2-3-1,4-2-3-1,2,0,1.7,0.2
fr Paris S-G,,Liverpool,4-2-3-1,4-3-3,1,0,0.3,1.6
Southampton,,Liverpool,4-3-3,4-2-3-1,3,1,3.9,0.4
fr Paris S-G,,fr Paris S-G,4-3-3,4-2-3-1,1 (4),0 (1),2.6,1.5
Newcastle Utd,,Newcastle Utd,4-3-3,4-2-3-1,2,1,,
Everton,,Liverpool,4-2-3-1,4-2-3-1,1,0,1.5,0.9
Fulham,,Fulham,4-2-3-1,4-2-3-1,3,2,0.7,1.5
Manchester Utd,D,Draw,4-3-3,4-2-3-1,1 (7),1 (6),,
Chelsea,W,Manchester City,3-2-4-1,4-2-3-1,2,0,0.8,1.0
Ipswich Town,W,Manchester City,3-2-4-1,5-4-1,4,1,3.3,0.3
West Ham,W,Manchester City,3-2-4-1,4-2-3-1,3,1,3.0,0.7
Brentford,W,Manchester City,4-2-3-1,5-3-2,2,1,2.1,1.0
it Inter,D,Draw,3-2-4-1,3-5-2,0,0,2.3,0.7
Arsenal,D,Draw,4-3-3,4-4-2,2,2,2.1,0.7
Watford,W,Manchester City,3-2-4-1,5-3-2,2,1,,
Newcastle Utd,D,Draw,4-2-3-1,4-3-3,1,1,0.9,1.6
sk Slovan Bratislava,W,Manchester City,4-2-3-1,4-2-3-1,4,0,3.7,0.1
Fulham,W,Manchester City,4-1-4-1,5-4-1,3,2,1.6,2.6
Wolves,W,Manchester City,4-1-4-1,3-5-2,2,1,1.6,0.8
cz Sparta Prague,W,Manchester City,4-1-4-1,3-4-3,5,0,2.9,0.2
Southampton,W,Manchester City,4-1-4-1,5-4-1,1,0,2.9,0.2
Tottenham,L,Tottenham,4-3-3,4-1-4-1,2,1,,
Bournemouth,L,Bournemouth,4-2-3-1,4-1-4-1,2,1,1.6,2.0
pt Sporting CP,L,pt Sporting CP,3-4-3,4-1-4-1,4,1,2.1,2.9
Brighton,L,Brighton,4-4-2,4-1-4-1,2,1,2.1,2.3
Tottenham,L,Tottenham,4-3-3,4-3-3,4,0,2.1,2.5
nl Feyenoord,D,Draw,4-2-3-1,4-3-3,3,3,2.1,2.2
Liverpool,L,Liverpool,4-2-3-1,4-2-3-1,2,0,0.8,3.4
Nott'ham Forest,W,Manchester City,4-2-3-1,4-2-3-1,3,0,2.4,1.0
Crystal Palace,D,Draw,4-2-3-1,3-4-3,2,2,1.4,1.3
it Juventus,L,it Juventus,4-2-3-1,4-2-3-1,2,0,1.2,1.1
Manchester Utd,L,Manchester Utd,3-4-3,4-1-4-1,2,1,0.9,2.1
Aston Villa,L,Aston Villa,4-2-3-1,4-2-3-1,2,1,1.0,1.6
Everton,D,Draw,4-1-4-1,4-3-3,1,1,2.1,0.7
Leicester City,W,Manchester City,4-1-4-1,4-2-3-1,2,0,1.3,1.3
West Ham,W,Manchester City,4-1-4-1,4-2-3-1,4,1,1.9,1.4
Salford City,W,Manchester City,3-4-3,3-1-4-2,8,0,,
Brentford,D,Draw,4-2-3-1,4-3-3,2,2,2.2,2.5
Ipswich Town,W,Manchester City,4-2-3-1,5-4-1,6,0,3.0,0.5
fr Paris S-G,L,fr Paris S-G,4-3-3,4-2-3-1,4,2,1.7,2.8
Chelsea,W,Manchester City,4-3-3,4-2-3-1,3,1,2.2,1.8
be Club Brugge,W,Manchester City,4-2-3-1,4-2-3-1,3,1,2.0,1.1
Arsenal,L,Arsenal,4-3-3,4-2-3-1,5,1,0.8,1.0
Leyton Orient,W,Manchester City,4-2-3-1,4-2-3-1,2,1,,
es Real Madrid,L,es Real Madrid,4-4-2,4-1-4-1,3,2,1.5,3.2
Newcastle Utd,W,Manchester City,4-2-3-1,4-3-3,4,0,1.9,0.5
es Real Madrid,L,es Real Madrid,4-4-2,4-1-2-1-2◆,3,1,1.3,1.8
Liverpool,L,Liverpool,4-2-2-2,4-1-4-1,2,0,0.6,0.7
Tottenham,W,Manchester City,4-2-3-1,4-3-3,1,0,2.1,1.3
Plymouth Argyle,W,Manchester City,4-1-4-1,5-4-1,3,1,,
Nott'ham Forest,L,Nott'ham Forest,4-2-3-1,4-1-4-1,1,0,0.9,0.7
Brighton,D,Draw,4-2-3-1,4-2-3-1,2,2,1.7,2.0
Bournemouth,W,Manchester City,4-3-3,4-2-3-1,2,1,,
Leicester City,W,Manchester City,4-2-3-1,3-4-3,2,0,2.2,0.1
Manchester Utd,D,Draw,4-1-2-1-2◆,3-4-3,0,0,0.5,0.9
Brest,W,Marseille,4-2-3-1,4-3-3,5,1,2.4,1.3
Reims,D,Draw,4-2-3-1,4-3-3,2,2,3.0,0.9
Toulouse,W,Marseille,4-2-3-1,3-4-3,3,1,0.8,1.0
Nice,W,Marseille,4-2-3-1,3-4-3,2,0,0.7,1.9
Lyon,W,Marseille,4-2-3-1,3-5-2,3,2,0.8,3.0
Strasbourg,L,Strasbourg,4-2-3-1,4-2-3-1,1,0,0.5,1.3
Angers,D,Draw,4-2-3-1,4-2-3-1,1,1,0.9,0.8
Montpellier,W,Marseille,4-2-3-1,4-2-3-1,5,0,3.2,1.3
Paris S-G,L,Paris S-G,4-3-3,4-2-3-1,3,0,0.2,3.1
Nantes,W,Marseille,4-2-3-1,4-2-3-1,2,1,1.2,1.4
Auxerre,L,Auxerre,3-4-3,4-2-3-1,3,1,2.5,1.9
Lens,W,Marseille,3-5-2,3-4-3,3,1,1.2,2.5
Monaco,W,Marseille,3-4-3,4-2-3-1,2,1,1.9,1.0
Saint-Étienne,W,Marseille,3-4-3,5-4-1,2,0,2.5,0.1
Lille,D,Draw,3-4-3,4-2-3-1,1,1,1.2,1.4
Saint-Étienne,W,Marseille,4-2-3-1,4-3-3,4,0,,
Le Havre,W,Marseille,3-4-3,3-5-2,5,1,3.2,0.4
Rennes,W,Marseille,3-4-3,3-4-3,2,1,1.7,1.2
Lille,D,Draw,3-4-3,4-2-3-1,1 (3),1 (4),,
Strasbourg,D,Draw,3-4-3,4-1-4-1,1,1,2.8,0.9
Nice,L,Nice,3-4-3,3-4-3,2,0,0.8,1.2
Lyon,W,Marseille,3-4-3,4-2-3-1,3,2,3.2,1.7
Angers,W,Marseille,3-4-1-2,4-2-3-1,2,0,2.4,0.5
Saint-Étienne,W,Marseille,3-4-1-2,4-3-3,5,1,6.1,1.0
Auxerre,L,Auxerre,5-4-1,3-4-3,3,0,0.7,2.0
Nantes,W,Marseille,3-4-3,5-4-1,2,0,2.1,0.8
Lens,L,Lens,5-4-1,3-4-3,1,0,1.0,0.9
Paris S-G,L,Paris S-G,4-3-3,3-4-3,3,1,1.2,2.6
Reims,L,Reims,5-4-1,3-4-3,3,1,1.1,1.0
Toulouse,W,Marseille,3-4-3,3-4-3,3,2,1.0,1.3
Torino,D,Draw,4-2-3-1,3-5-2,2.0,2.0,2.1,1.0
Parma,L,Parma,4-2-3-1,4-2-3-1,2.0,1.0,1.9,1.7
Lazio,D,Draw,4-2-3-1,4-4-1-1,2.0,2.0,1.3,2.1
Venezia,W,Milan,4-3-3,5-4-1,4.0,0.0,2.2,0.3
eng Liverpool,L,eng Liverpool,4-2-3-1,4-2-3-1,3.0,1.0,0.6,3.1
Inter,W,Milan,4-2-3-1,3-5-2,2.0,1.0,1.7,0.7
Lecce,W,Milan,4-2-3-1,4-3-3,3.0,0.0,1.6,0.5
de Leverkusen,L,de Leverkusen,3-4-3,4-2-3-1,1.0,0.0,1.0,1.8
Fiorentina,L,Fiorentina,4-2-3-1,4-2-3-1,2.0,1.0,2.6,1.5
Udinese,W,Milan,4-2-3-1,3-5-2,1.0,0.0,1.2,0.4
be Club Brugge,W,Milan,4-3-3,4-4-1-1,3.0,1.0,1.2,0.6
Napoli,L,Napoli,4-3-3,4-3-3,2.0,0.0,0.7,1.1
Monza,W,Milan,4-2-3-1,3-4-3,1.0,0.0,2.5,1.2
es Real Madrid,W,Milan,4-2-3-1,4-4-2,3.0,1.0,2.5,2.6
Cagliari,D,Draw,4-2-3-1,4-2-3-1,3.0,3.0,3.3,1.7
Juventus,D,Draw,4-3-3,4-2-2-2,0.0,0.0,0.3,0.4
sk Slovan Bratislava,W,Milan,4-2-3-1,3-4-3,3.0,2.0,1.9,1.5
Empoli,W,Milan,4-2-3-1,3-5-2,3.0,0.0,2.3,0.5
Sassuolo,W,Milan,4-2-3-1,4-3-3,6.0,1.0,,
Atalanta,L,Atalanta,3-4-1-2,4-2-3-1,2.0,1.0,0.7,2.1
rs Red Star,W,Milan,4-2-3-1,4-2-3-1,2.0,1.0,2.0,0.4
Genoa,D,Draw,4-2-3-1,4-2-3-1,0.0,0.0,1.1,0.3
Hellas Verona,W,Milan,4-2-3-1,3-4-1-2,1.0,0.0,0.8,0.7
Roma,D,Draw,4-2-3-1,3-4-3,1.0,1.0,1.9,1.3
Juventus,W,Milan,4-3-3,4-2-3-1,2.0,1.0,,
Inter,W,Milan,4-3-3,3-1-4-2,3.0,2.0,,
Cagliari,D,Draw,4-3-3,4-4-1-1,1.0,1.0,2.7,0.4
Como,W,Milan,4-2-3-1,3-4-3,2.0,1.0,1.3,1.4
Juventus,L,Juventus,4-2-3-1,4-3-3,2.0,0.0,0.9,1.1
es Girona,W,Milan,4-2-3-1,4-2-3-1,1.0,0.0,1.3,1.0
Parma,W,Milan,4-3-3,4-2-3-1,3.0,2.0,2.2,1.6
hr Dinamo Zagreb,L,hr Dinamo Zagreb,4-2-3-1,4-2-3-1,2.0,1.0,1.1,1.4
Inter,D,Draw,4-3-3,3-5-2,1.0,1.0,0.6,1.3
Roma,W,Milan,4-3-3,3-5-2,3.0,1.0,,
Empoli,W,Milan,4-2-3-1,3-4-3,2.0,0.0,1.3,0.7
nl Feyenoord,L,nl Feyenoord,4-3-3,4-2-3-1,1.0,0.0,0.6,0.5
Hellas Verona,W,Milan,4-2-3-1,3-5-1-1,1.0,0.0,2.1,0.4
nl Feyenoord,D,Draw,4-2-3-1,4-3-3,1.0,1.0,1.7,0.9
Torino,L,Torino,4-2-3-1,4-2-3-1,2.0,1.0,2.4,0.3
Bologna,L,Bologna,4-2-3-1,4-2-3-1,2.0,1.0,0.8,2.0
Lazio,L,Lazio,4-2-3-1,4-2-3-1,2.0,1.0,1.4,3.0
Lecce,W,Milan,4-2-3-1,4-2-3-1,3.0,2.0,3.5,1.0
Como,W,Milan,4-2-3-1,4-2-3-1,2.0,1.0,1.3,1.0
Napoli,L,Napoli,4-3-3,4-2-3-1,2.0,1.0,2.6,1.0
Inter,D,Draw,4-2-3-1,3-5-2,1.0,1.0,,
Fiorentina,D,Draw,4-2-3-1,3-5-2,2.0,2.0,2.6,2.3
Modena,D,Draw,3-4-3,4-5-1,0 (4),0 (3),,
Hellas Verona,L,Hellas Verona,3-4-3,3-4-3,3,0,1.0,1.7
Bologna,W,Napoli,3-4-3,4-3-3,3,0,2.5,0.6
Parma,W,Napoli,3-4-3,4-2-3-1,2,1,2.2,1.7
Cagliari,W,Napoli,3-4-3,3-4-3,4,0,1.9,1.0
Juventus,D,Draw,4-2-3-1,4-2-3-1,0,0,0.3,0.3
Palermo,W,Napoli,4-2-3-1,3-5-2,5,0,,
Monza,W,Napoli,4-3-3,3-4-3,2,0,1.1,0.3
Como,W,Napoli,4-2-3-1,4-2-3-1,3,1,1.9,0.4
Empoli,W,Napoli,4-3-3,3-1-4-2,1,0,1.3,0.7
Lecce,W,Napoli,4-3-3,4-5-1,1,0,2.7,0.7
Milan,W,Napoli,4-3-3,4-3-3,2,0,1.1,0.7
Atalanta,L,Atalanta,3-4-1-2,4-3-3,3,0,0.8,1.2
Inter,D,Draw,4-3-3,3-5-2,1,1,0.7,1.5
Roma,W,Napoli,4-3-3,4-4-1-1,1,0,1.4,0.6
Torino,W,Napoli,4-3-3,3-5-2,1,0,1.4,0.3
Lazio,L,Lazio,4-2-3-1,4-2-3-1,3,1,,
Lazio,L,Lazio,4-2-3-1,4-3-3,1,0,0.5,0.3
Udinese,W,Napoli,4-3-3,3-5-2,3,1,2.2,1.4
Genoa,W,Napoli,4-3-3,4-2-3-1,2,1,1.2,1.0
Venezia,W,Napoli,4-3-3,3-4-1-2,1,0,1.9,0.2
Fiorentina,W,Napoli,4-3-3,3-4-3,3,0,1.6,1.0
Hellas Verona,W,Napoli,4-3-3,3-4-1-2,2,0,1.1,0.3
Atalanta,W,Napoli,4-3-3,3-4-1-2,3,2,0.8,0.7
Juventus,W,Napoli,4-3-3,4-2-3-1,2,1,2.3,0.8
Roma,D,Draw,4-3-3,4-3-3,1,1,0.4,0.5
Udinese,D,Draw,4-3-3,4-2-3-1,1,1,1.1,0.8
Lazio,D,Draw,3-5-2,4-2-3-1,2,2,0.3,0.7
Como,L,Como,4-3-2-1,3-5-2,2,1,1.2,0.7
Inter,D,Draw,4-3-3,3-5-2,1,1,1.8,0.3
Fiorentina,W,Napoli,3-5-2,3-5-1-1,2,1,2.8,0.7
Venezia,D,Draw,4-2-3-1,3-5-2,0,0,1.7,0.7
Milan,W,Napoli,4-3-3,4-2-3-1,2,1,1.0,2.6
Bologna,D,Draw,4-3-3,4-2-3-1,1,1,1.2,0.8
it Atalanta,,Real Madrid,4-1-4-1,3-4-1-2,2,0,,
Mallorca,,Draw,4-3-3,4-3-3,1,1,0.6,1.0
Valladolid,,Real Madrid,4-2-3-1,4-1-4-1,3,0,2.1,0.4
Las Palmas,,Draw,4-2-3-1,4-1-4-1,1,1,2.5,0.8
Betis,,Real Madrid,4-3-3,4-2-3-1,2,0,2.4,0.6
Real Sociedad,,Real Madrid,4-2-3-1,4-5-1,2,0,2.3,1.1
de Stuttgart,,Real Madrid,4-3-3,4-2-3-1,3,1,2.6,1.9
Espanyol,,Real Madrid,4-3-3,5-3-2,4,1,4.4,0.3
Alavés,,Real Madrid,4-3-3,4-4-2,3,2,1.3,0.9
Atlético Madrid,,Draw,4-4-2,4-4-2,1,1,0.8,1.3
fr Lille,,fr Lille,4-2-3-1,4-4-2,1,0,1.1,2.0
Villarreal,,Real Madrid,4-4-2,4-3-3,2,0,0.5,1.1
Celta Vigo,,Real Madrid,3-4-3,3-4-3,2,1,0.7,1.8
de Dortmund,,Real Madrid,4-3-3,4-2-3-1,5,2,3.5,1.6
Barcelona,,Barcelona,4-2-3-1,4-4-2,4,0,2.6,1.5
it Milan,,it Milan,4-2-3-1,4-4-2,3,1,2.5,2.6
Osasuna,,Real Madrid,4-3-3,4-3-3,4,0,3.1,0.1
Leganés,,Real Madrid,4-4-2,3-4-3,3,0,1.8,0.1
eng Liverpool,,eng Liverpool,4-3-3,4-2-2-2,2,0,2.7,1.2
Getafe,,Real Madrid,4-3-3,4-4-2,2,0,3.2,0.5
Athletic Club,,Athletic Club,4-2-3-1,4-4-2,2,1,1.8,1.7
Girona,,Real Madrid,4-2-3-1,4-2-3-1,3,0,0.9,0.4
it Atalanta,,Real Madrid,4-2-3-1,3-4-1-2,3,2,2.1,3.3
Rayo Vallecano,,Draw,4-2-3-1,4-4-2,3,3,0.7,1.6
Sevilla,,Real Madrid,4-2-3-1,4-4-2,4,2,2.0,1.3
Valencia,,Real Madrid,4-2-3-1,4-4-2,2,1,2.7,1.3
CD Minera,,Real Madrid,4-3-3,4-1-4-1,5,0,,
Mallorca,,Real Madrid,4-2-3-1,4-4-2,3,0,,
Barcelona,,Barcelona,4-2-3-1,4-2-3-1,5,2,,
Celta Vigo,,Real Madrid,4-3-3,5-4-1,5,2,,
Las Palmas,,Real Madrid,4-2-3-1,4-5-1,4,1,5.9,1.1
at RB Salzburg,,Real Madrid,4-3-3,4-4-2,5,1,2.8,0.4
Valladolid,,Real Madrid,4-2-3-1,4-3-3,3,0,2.0,0.2
fr Brest,,Real Madrid,4-2-3-1,4-3-1-2,3,0,2.6,1.4
Espanyol,,Espanyol,4-2-3-1,4-2-3-1,1,0,0.3,1.3
Leganés,,Real Madrid,4-3-3,4-1-4-1,3,2,,
Atlético Madrid,,Draw,4-2-3-1,4-4-2,1,1,1.6,1.5
eng Manchester City,,Real Madrid,4-4-2,4-1-4-1,3,2,3.2,1.5
Osasuna,,Draw,4-4-2,4-1-4-1,1,1,1.4,1.4
eng Manchester City,,Real Madrid,4-4-2,4-1-2-1-2,3,1,1.8,1.3
Girona,,Real Madrid,4-2-2-2,3-4-1-2,2,0,2.2,0.4
Real Sociedad,,Real Madrid,4-4-2,4-1-4-1,1,0,,
Betis,,Betis,4-2-3-1,4-3-3,2,1,2.4,0.9
es Atlético Madrid,,Real Madrid,4-4-2,4-4-2,2,1,0.7,0.2
Rayo Vallecano,,Real Madrid,4-4-2,4-2-3-1,2,1,1.5,1.0
es Atlético Madrid,,es Atlético Madrid,4-4-2,4-4-2,1 (2),0 (4),1.4,1.1
Villarreal,,Real Madrid,4-2-3-1,4-4-2,2,1,1.1,1.6
Leganés,,Real Madrid,4-2-3-1,4-2-3-1,3,2,2.9,2.4
Real Sociedad,,Draw,4-2-3-1,4-1-4-1,4,4,,
Valencia,,Valencia,5-4-1,4-4-2,2,1,0.8,3.4
Lyon,W,Rennes,4-1-2-1-2◆,4-3-3,3.0,0.0,2.0,2.1
Strasbourg,L,Strasbourg,3-4-1-2,4-3-1-2,3.0,1.0,1.1,0.7
Reims,L,Reims,4-3-3,4-4-2,2.0,1.0,0.8,1.4
Montpellier,W,Rennes,3-4-3,4-2-3-1,3.0,0.0,1.3,0.3
Lens,D,Draw,3-4-3,3-4-1-2,1.0,1.0,1.4,0.6
Paris S-G,L,Paris S-G,4-3-3,3-4-3,3.0,1.0,1.4,3.0
Monaco,L,Monaco,3-4-3,3-4-3,2.0,1.0,0.7,0.6
Brest,D,Draw,3-4-3,4-3-3,1.0,1.0,1.2,1.5
Le Havre,W,Rennes,4-2-3-1,3-1-4-2,1.0,0.0,1.5,0.4
Auxerre,L,Auxerre,3-4-3,4-1-4-1,4.0,0.0,0.9,2.8
Toulouse,L,Toulouse,3-4-3,4-2-3-1,2.0,0.0,0.6,1.4
Lille,L,Lille,4-2-3-1,3-4-3,1.0,0.0,0.2,0.4
Saint-Étienne,W,Rennes,3-4-3,5-4-1,5.0,0.0,3.2,0.1
Nantes,L,Nantes,5-3-2,3-4-3,1.0,0.0,0.4,1.2
Angers,W,Rennes,3-5-1-1,4-2-3-1,2.0,0.0,0.6,0.4
Bordeaux,W,Rennes,3-4-3,5-3-2,4.0,1.0,,
Nice,L,Nice,4-2-3-1,3-4-3,3.0,2.0,1.7,1.5
Marseille,L,Marseille,3-4-3,3-4-3,2.0,1.0,1.2,1.7
Troyes,L,Troyes,4-1-4-1,3-5-2,1.0,0.0,,
Brest,L,Brest,4-2-2-2,3-4-3,2.0,1.0,1.5,1.0
Monaco,L,Monaco,4-2-3-1,3-4-3,3.0,2.0,1.8,3.5
Strasbourg,W,Rennes,3-4-3,3-4-3,1.0,0.0,0.9,1.2
Saint-Étienne,W,Rennes,3-4-3,4-3-3,2.0,0.0,3.6,0.5
Lille,L,Lille,4-2-3-1,3-4-3,2.0,0.0,0.4,3.0
Reims,W,Rennes,3-5-2,4-2-3-1,1.0,0.0,2.3,0.1
Montpellier,W,Rennes,3-5-2,5-3-2,4.0,0.0,2.4,1.6
Paris S-G,L,Paris S-G,4-3-3,3-4-3,4.0,1.0,1.6,3.8
Lens,L,Lens,3-4-3,3-5-2,1.0,0.0,0.6,0.7
Angers,W,Rennes,3-4-3,4-3-3,3.0,0.0,1.5,1.0
Auxerre,L,Auxerre,5-4-1,3-4-3,1.0,0.0,1.2,0.8
Barcelona,L,Barcelona,4-2-3-1,4-4-2,2.0,1.0,1.0,3.2
Celta Vigo,L,Celta Vigo,3-4-3,4-4-2,3.0,1.0,0.9,1.3
Athletic Club,L,Athletic Club,4-2-3-1,4-4-2,1.0,0.0,0.1,1.4
Villarreal,D,Draw,4-4-2,4-4-2,1.0,1.0,1.1,0.5
Atlético Madrid,L,Atlético Madrid,5-3-2,4-4-2,3.0,0.0,0.1,3.1
Girona,W,Valencia,4-2-3-1,4-4-2,2.0,0.0,0.4,0.4
Osasuna,D,Draw,4-4-2,4-3-3,0.0,0.0,0.7,0.5
Real Sociedad,L,Real Sociedad,4-1-4-1,4-4-2,3.0,0.0,0.8,3.4
Leganés,D,Draw,5-4-1,4-2-3-1,0.0,0.0,0.5,0.8
Las Palmas,L,Las Palmas,4-2-3-1,4-4-2,3.0,2.0,1.6,1.2
Getafe,D,Draw,5-4-1,4-4-2,1.0,1.0,0.7,2.2
Betis,W,Valencia,5-4-1,4-2-3-1,4.0,2.0,1.5,1.3
CP Parla Escuela,W,Valencia,4-2-3-1,4-3-3,1.0,0.0,,
Mallorca,L,Mallorca,4-2-3-1,5-4-1,2.0,1.0,1.3,0.8
SD Ejea,W,Valencia,4-1-4-1,4-3-3,3.0,1.0,,
Rayo Vallecano,L,Rayo Vallecano,4-2-3-1,5-4-1,1.0,0.0,1.3,0.9
Valladolid,L,Valladolid,4-2-3-1,4-4-2,1.0,0.0,0.8,0.6
Espanyol,D,Draw,4-2-3-1,4-4-2,1.0,1.0,2.0,2.1
Alavés,D,Draw,4-2-3-1,5-4-1,2.0,2.0,1.5,1.6
Real Madrid,L,Real Madrid,4-2-3-1,4-4-2,2.0,1.0,1.3,2.7
Eldense,W,Valencia,4-2-3-1,4-4-2,2.0,0.0,,
Sevilla,D,Draw,4-2-3-1,4-2-3-1,1.0,1.0,0.7,0.5
Ourense CF,W,Valencia,3-4-3,4-3-3,2.0,0.0,,
Real Sociedad,W,Valencia,4-2-3-1,3-5-2,1.0,0.0,1.6,0.8
Barcelona,L,Barcelona,4-2-3-1,4-4-2,7.0,1.0,1.5,4.4
Celta Vigo,W,Valencia,4-2-3-1,3-4-3,2.0,1.0,1.6,0.4
Barcelona,L,Barcelona,4-3-3,5-4-1,5.0,0.0,,
Leganés,W,Valencia,4-2-3-1,5-3-2,2.0,0.0,1.9,0.5
Villarreal,D,Draw,5-4-1,4-4-2,1.0,1.0,1.1,1.3
Atlético Madrid,L,Atlético Madrid,4-4-2,3-4-3,3.0,0.0,0.8,1.3
Osasuna,D,Draw,4-2-3-1,4-2-3-1,3.0,3.0,1.7,1.5
Valladolid,W,Valencia,4-2-3-1,4-4-2,2.0,1.0,1.9,0.9
Girona,D,Draw,5-4-1,4-2-3-1,1.0,1.0,1.0,0.9
Mallorca,W,Valencia,4-2-3-1,5-3-2,1.0,0.0,0.7,0.6
Real Madrid,W,Valencia,5-4-1,4-4-2,2.0,1.0,0.8,3.4
Arsenal,L,Arsenal,4-3-3,4-2-3-1,2,0,0.5,1.2
Chelsea,L,Chelsea,4-2-3-1,4-2-3-1,6,2,1.9,1.6
Burnley,W,Wolverhampton Wanderers,4-2-3-1,4-4-1-1,2,0,,
Nott'ham Forest,D,Draw,4-4-1-1,4-2-3-1,1,1,0.7,1.0
Newcastle Utd,L,Newcastle Utd,4-3-3,4-4-1-1,2,1,1.2,1.5
Brighton,L,Brighton,4-4-2,4-2-3-1,3,2,,
Aston Villa,L,Aston Villa,4-2-3-1,4-1-4-1,3,1,0.5,1.7
Liverpool,L,Liverpool,4-2-3-1,4-1-4-1,2,1,0.6,2.5
Brentford,L,Brentford,4-2-3-1,4-1-4-1,5,3,1.0,4.2
Manchester City,L,Manchester City,4-1-4-1,3-5-2,2,1,0.8,1.6
Brighton,D,Draw,3-4-3,4-4-2,2,2,1.3,1.3
Crystal Palace,D,Draw,3-4-3,3-4-3,2,2,1.5,2.4
Southampton,W,Wolverhampton Wanderers,4-2-3-1,5-4-1,2,0,1.3,0.6
Fulham,W,Wolverhampton Wanderers,3-4-3,4-2-3-1,4,1,1.3,1.0
Bournemouth,L,Bournemouth,4-2-3-1,4-2-3-1,4,2,0.5,3.3
Everton,L,Everton,4-2-3-1,3-4-3,4,0,0.8,1.0
West Ham,L,West Ham,4-2-3-1,3-4-3,2,1,1.4,1.0
Ipswich Town,L,Ipswich Town,4-2-3-1,3-4-3,2,1,1.3,1.1
Leicester City,W,Wolverhampton Wanderers,3-4-3,4-2-3-1,3,0,1.1,0.8
Manchester Utd,W,Wolverhampton Wanderers,3-4-3,3-4-3,2,0,0.9,0.4
Tottenham,D,Draw,3-4-3,4-2-3-1,2,2,0.7,2.2
Nott'ham Forest,L,Nott'ham Forest,4-2-3-1,3-4-3,3,0,1.5,2.1
Bristol City,W,Wolverhampton Wanderers,3-4-3,3-4-3,2,1,,
Newcastle Utd,L,Newcastle Utd,4-3-3,3-4-3,3,0,1.6,2.1
Chelsea,L,Chelsea,4-2-3-1,3-4-3,3,1,0.8,3.1
Arsenal,L,Arsenal,4-3-3,3-4-3,1,0,0.7,1.0
Aston Villa,W,Wolverhampton Wanderers,3-4-3,4-2-3-1,2,0,1.6,0.4
Blackburn,W,Wolverhampton Wanderers,3-4-3,4-2-3-1,2,0,,
Liverpool,L,Liverpool,4-2-3-1,3-4-3,2,1,1.5,1.7
Bournemouth,W,Wolverhampton Wanderers,3-4-3,4-2-3-1,1,0,2.0,0.9
Fulham,L,Fulham,3-4-3,3-4-3,2,1,1.3,1.7
Bournemouth,D,Draw,3-4-3,4-2-3-1,1 (4),1 (5),,
Everton,D,Draw,3-4-3,4-2-3-1,1,1,0.8,1.2
Southampton,W,Wolverhampton Wanderers,3-4-3,3-4-3,2,1,0.4,1.3
West Ham,W,Wolverhampton Wanderers,3-4-3,3-4-3,1,0,1.2,1.3
Ipswich Town,W,Wolverhampton Wanderers,3-4-3,4-2-3-1,2,1,2.6,0.8
West Ham,W,Aston Villa,4-2-3-1,4-1-4-1,2.0,1.0,2.0,2.3
Arsenal,L,Arsenal,4-3-3,4-4-2,2.0,0.0,1.2,0.9
Leicester City,W,Aston Villa,4-4-2,4-2-3-1,2.0,1.0,1.4,0.4
Everton,W,Aston Villa,4-2-3-1,4-2-3-1,3.0,2.0,2.1,0.9
ch Young Boys,W,Aston Villa,4-2-3-1,4-2-3-1,3.0,0.0,2.0,0.6
Wolves,W,Aston Villa,4-2-3-1,4-1-4-1,3.0,1.0,1.7,0.5
Wycombe,W,Aston Villa,4-2-3-1,4-1-4-1,2.0,1.0,,
Ipswich Town,D,Draw,4-2-3-1,4-2-3-1,2.0,2.0,0.8,1.2
de Bayern Munich,W,Aston Villa,4-2-3-1,4-2-3-1,1.0,0.0,0.4,1.5
Manchester Utd,D,Draw,4-2-3-1,4-2-3-1,0.0,0.0,0.5,0.6
Fulham,W,Aston Villa,4-2-3-1,4-2-3-1,3.0,1.0,1.6,1.8
it Bologna,W,Aston Villa,4-2-3-1,4-3-3,2.0,0.0,1.2,0.9
Bournemouth,D,Draw,4-4-1-1,4-2-3-1,1.0,1.0,1.8,0.3
Crystal Palace,L,Crystal Palace,3-4-3,4-2-3-1,2.0,1.0,,
Tottenham,L,Tottenham,4-3-3,4-2-3-1,4.0,1.0,1.8,2.4
be Club Brugge,L,be Club Brugge,4-2-3-1,4-2-3-1,1.0,0.0,0.4,1.4
Liverpool,L,Liverpool,4-2-3-1,4-2-3-1,2.0,0.0,1.2,2.0
Crystal Palace,D,Draw,4-2-3-1,3-4-3,2.0,2.0,3.0,1.3
it Juventus,D,Draw,4-2-3-1,4-2-3-1,0.0,0.0,1.2,0.4
Chelsea,L,Chelsea,4-2-3-1,4-2-3-1,3.0,0.0,1.2,1.6
Brentford,W,Aston Villa,4-2-3-1,4-3-3,3.0,1.0,2.4,0.9
Southampton,W,Aston Villa,4-2-3-1,5-3-2,1.0,0.0,2.3,0.3
de RB Leipzig,W,Aston Villa,4-2-3-1,4-4-2,3.0,2.0,2.1,2.2
Nott'ham Forest,L,Nott'ham Forest,4-2-3-1,4-2-3-1,2.0,1.0,0.4,1.7
Manchester City,W,Aston Villa,4-2-3-1,4-2-3-1,2.0,1.0,1.6,1.0
Newcastle Utd,L,Newcastle Utd,4-3-3,4-2-3-1,3.0,0.0,0.3,2.7
Brighton,D,Draw,4-2-3-1,4-2-3-1,2.0,2.0,1.8,1.1
Leicester City,W,Aston Villa,4-2-3-1,4-2-3-1,2.0,1.0,1.4,0.4
West Ham,W,Aston Villa,4-2-3-1,4-2-3-1,2.0,1.0,,
Everton,W,Aston Villa,4-2-3-1,4-2-3-1,1.0,0.0,1.2,1.1
Arsenal,D,Draw,4-2-3-1,4-3-3,2.0,2.0,1.0,1.3
fr Monaco,L,fr Monaco,4-2-3-1,4-2-3-1,1.0,0.0,0.9,1.5
West Ham,D,Draw,4-2-3-1,3-4-3,1.0,1.0,0.9,1.3
sct Celtic,W,Aston Villa,4-2-3-1,4-3-3,4.0,2.0,3.9,0.8
Wolves,L,Wolves,3-4-3,4-2-3-1,2.0,0.0,0.4,1.6
Tottenham,W,Aston Villa,4-2-3-1,4-2-3-1,2.0,1.0,,
Ipswich Town,D,Draw,4-2-3-1,4-2-3-1,1.0,1.0,2.4,0.4
Liverpool,D,Draw,4-2-3-1,4-2-3-1,2.0,2.0,0.6,2.5
Chelsea,W,Aston Villa,4-2-3-1,4-2-3-1,2.0,1.0,2.3,2.3
Crystal Palace,L,Crystal Palace,3-4-3,3-4-3,4.0,1.0,0.4,4.3
Cardiff City,W,Aston Villa,4-2-3-1,3-4-3,2.0,0.0,,
be Club Brugge,W,Aston Villa,4-2-3-1,4-2-3-1,3.0,1.0,1.4,1.1
Brentford,W,Aston Villa,4-2-3-1,4-2-3-1,1.0,0.0,1.3,0.8
be Club Brugge,W,Aston Villa,4-2-3-1,4-2-3-1,3.0,0.0,2.4,0.1
Preston,W,Aston Villa,4-2-3-1,3-5-2,3.0,0.0,,
Brighton,W,Aston Villa,4-2-3-1,4-2-3-1,3.0,0.0,1.2,0.9
Nott'ham Forest,W,Aston Villa,4-2-3-1,3-4-1-2,2.0,1.0,3.0,1.5
Leicester City,D,Draw,4-3-3,4-2-3-1,1.0,1.0,1.2,1.0
Everton,W,Tottenham Hotspur,4-3-3,4-2-3-1,4.0,0.0,2.4,1.0
Newcastle Utd,L,Newcastle Utd,4-3-3,4-2-3-1,2.0,1.0,1.2,1.8
Arsenal,L,Arsenal,4-4-2,4-3-3,1.0,0.0,0.7,0.7
Coventry City,W,Tottenham Hotspur,4-3-3,4-2-3-1,2.0,1.0,,
Brentford,W,Tottenham Hotspur,4-3-3,5-3-2,3.0,1.0,3.5,0.8
az Qarabağ,W,Tottenham Hotspur,4-3-3,4-2-3-1,3.0,0.0,1.4,2.2
Manchester Utd,W,Tottenham Hotspur,4-3-3,4-2-3-1,3.0,0.0,4.4,1.0
hu Ferencváros,W,Tottenham Hotspur,4-3-3,4-2-3-1,2.0,1.0,1.3,1.3
Brighton,L,Brighton,4-2-3-1,4-3-3,3.0,2.0,1.3,1.8
West Ham,W,Tottenham Hotspur,4-3-3,4-1-4-1,4.0,1.0,1.9,0.8
nl AZ Alkmaar,W,Tottenham Hotspur,4-3-3,4-3-3,1.0,0.0,1.9,0.4
Crystal Palace,L,Crystal Palace,3-4-3,4-3-3,1.0,0.0,0.7,0.8
Manchester City,W,Tottenham Hotspur,4-3-3,4-1-4-1,2.0,1.0,,
Aston Villa,W,Tottenham Hotspur,4-3-3,4-2-3-1,4.0,1.0,2.4,1.8
tr Galatasaray,L,tr Galatasaray,3-4-1-2,4-3-3,3.0,2.0,1.9,2.9
Ipswich Town,L,Ipswich Town,4-2-3-1,4-3-3,2.0,1.0,1.5,1.6
Manchester City,W,Tottenham Hotspur,4-3-3,4-3-3,4.0,0.0,2.5,2.1
it Roma,D,Draw,4-3-3,3-4-3,2.0,2.0,3.2,2.1
Fulham,D,Draw,4-3-3,4-2-3-1,1.0,1.0,0.8,1.5
Bournemouth,L,Bournemouth,4-2-3-1,4-3-3,1.0,0.0,0.9,3.5
Chelsea,L,Chelsea,4-2-3-1,4-3-3,4.0,3.0,2.8,2.8
sct Rangers,D,Draw,4-2-3-1,4-2-3-1,1.0,1.0,1.0,1.3
Southampton,W,Tottenham Hotspur,4-2-3-1,4-3-1-2,5.0,0.0,2.3,0.8
Manchester Utd,W,Tottenham Hotspur,4-2-3-1,3-4-3,4.0,3.0,,
Liverpool,L,Liverpool,4-2-3-1,4-2-3-1,6.0,3.0,1.3,5.6
Nott'ham Forest,L,Nott'ham Forest,4-2-3-1,4-2-3-1,1.0,0.0,0.9,1.1
Wolves,D,Draw,4-2-3-1,3-4-3,2.0,2.0,2.2,0.7
Newcastle Utd,L,Newcastle Utd,4-3-3,4-2-3-1,2.0,1.0,0.9,2.5
Liverpool,W,Tottenham Hotspur,4-3-3,4-2-3-1,1.0,0.0,,
Tamworth,W,Tottenham Hotspur,4-3-3,4-2-3-1,3.0,0.0,,
Arsenal,L,Arsenal,4-3-3,4-3-3,2.0,1.0,0.8,1.4
Everton,L,Everton,4-2-3-1,3-4-3,3.0,2.0,1.1,1.8
de Hoffenheim,W,Tottenham Hotspur,4-3-3,4-2-2-2,3.0,2.0,1.8,2.5
Leicester City,L,Leicester City,4-2-3-1,4-3-3,2.0,1.0,1.0,1.6
se Elfsborg,W,Tottenham Hotspur,4-3-3,3-4-3,3.0,0.0,1.5,0.4
Brentford,W,Tottenham Hotspur,4-2-3-1,4-2-3-1,2.0,0.0,0.8,2.1
Liverpool,L,Liverpool,4-2-3-1,4-3-3,4.0,0.0,,
Aston Villa,L,Aston Villa,4-2-3-1,4-2-3-1,2.0,1.0,,
Manchester Utd,W,Tottenham Hotspur,4-3-3,3-4-3,1.0,0.0,2.2,1.5
Ipswich Town,W,Tottenham Hotspur,4-3-3,4-2-3-1,4.0,1.0,1.7,1.1
Manchester City,L,Manchester City,4-2-3-1,4-3-3,1.0,0.0,1.3,2.1
nl AZ Alkmaar,L,nl AZ Alkmaar,4-2-3-1,4-3-3,1.0,0.0,0.5,1.6
Bournemouth,D,Draw,4-3-3,4-2-3-1,2.0,2.0,1.5,2.2
nl AZ Alkmaar,W,Tottenham Hotspur,4-3-3,4-2-3-1,3.0,1.0,2.1,1.2
Fulham,L,Fulham,4-2-3-1,4-3-3,2.0,0.0,0.9,1.0
Chelsea,L,Chelsea,4-2-3-1,4-3-3,1.0,0.0,0.9,1.0
Southampton,W,Tottenham Hotspur,4-3-3,4-2-3-1,3.0,1.0,2.1,1.0
Manchester City,D,Draw,4-2-3-1,4-3-3,1 (6),1 (7),,
Fulham,W,Manchester United,4-2-3-1,4-2-3-1,1,0,2.4,0.4
Brighton,L,Brighton,4-2-3-1,4-2-3-1,2,1,1.4,2.1
Liverpool,L,Liverpool,4-2-3-1,4-2-3-1,3,0,1.4,1.8
Southampton,W,Manchester United,4-2-3-1,4-2-3-1,3,0,2.6,1.1
Barnsley,W,Manchester United,4-2-3-1,5-3-2,7,0,,
Crystal Palace,D,Draw,4-2-3-1,3-4-3,0,0,1.6,1.0
nl Twente,D,Draw,4-2-3-1,4-2-3-1,1,1,1.3,0.5
Tottenham,L,Tottenham,4-3-3,4-2-3-1,3,0,1.0,4.4
pt Porto,D,Draw,4-2-3-1,4-3-3,3,3,1.6,2.1
Aston Villa,D,Draw,4-2-3-1,4-2-3-1,0,0,0.6,0.5
Brentford,W,Manchester United,4-2-3-1,4-2-3-1,2,1,1.3,0.9
tr Fenerbahçe,D,Draw,4-2-3-1,4-3-3,1,1,1.1,1.3
West Ham,L,West Ham,4-2-3-1,4-2-3-1,2,1,2.3,2.8
Leicester City,W,Manchester United,4-2-3-1,4-2-3-1,5,2,,
Chelsea,D,Draw,4-2-3-1,4-2-3-1,1,1,2.0,1.1
gr PAOK,W,Manchester United,4-2-3-1,4-2-3-1,2,0,1.1,1.3
Leicester City,W,Manchester United,4-2-3-1,4-3-3,3,0,0.8,0.6
Ipswich Town,D,Draw,3-4-3,4-2-3-1,1,1,0.8,1.6
no Bodø/Glimt,W,Manchester United,3-4-3,4-3-3,3,2,2.9,0.8
Everton,W,Manchester United,3-4-3,4-2-3-1,4,0,1.1,0.6
Arsenal,L,Arsenal,4-3-3,3-4-3,2,0,0.2,2.1
Nott'ham Forest,L,Nott'ham Forest,4-2-3-1,3-4-3,3,2,1.6,0.8
cz Viktoria Plzeň,W,Manchester United,3-4-3,3-4-3,2,1,2.9,0.9
Manchester City,W,Manchester United,3-4-3,4-1-4-1,2,1,2.1,0.9
Tottenham,L,Tottenham,4-2-3-1,3-4-3,4,3,,
Bournemouth,L,Bournemouth,4-2-3-1,3-4-3,3,0,2.2,1.6
Wolves,L,Wolves,3-4-3,3-4-3,2,0,0.4,0.9
Newcastle Utd,L,Newcastle Utd,4-3-3,3-4-3,2,0,0.8,1.9
Liverpool,D,Draw,3-4-3,4-2-3-1,2,2,1.0,2.7
Arsenal,D,Draw,3-4-3,4-3-3,1 (5),1 (3),,
Southampton,W,Manchester United,3-4-3,3-4-1-2,3,1,3.4,1.4
Brighton,L,Brighton,4-4-2,3-4-3,3,1,1.5,1.9
sct Rangers,W,Manchester United,3-4-3,4-2-3-1,2,1,2.7,1.2
Fulham,W,Manchester United,3-4-3,4-2-3-1,1,0,0.3,0.7
ro FCSB,W,Manchester United,3-4-3,5-3-2,2,0,2.9,0.6
Crystal Palace,L,Crystal Palace,3-4-3,3-4-3,2,0,1.1,2.6
Leicester City,W,Manchester United,3-4-3,4-2-3-1,2,1,,
Tottenham,L,Tottenham,4-3-3,3-4-3,1,0,1.5,2.2
Everton,D,Draw,3-4-3,4-2-3-1,2,2,0.4,1.6
Ipswich Town,W,Manchester United,3-4-3,3-4-3,3,2,0.7,1.4
Fulham,D,Draw,3-4-3,4-2-3-1,1 (3),1 (4),,
es Real Sociedad,D,Draw,3-4-3,4-3-3,1,1,1.1,1.4
Arsenal,D,Draw,3-4-3,4-3-3,1,1,1.5,1.6
es Real Sociedad,W,Manchester United,3-4-3,4-3-3,4,1,4.2,1.0
Leicester City,W,Manchester United,3-4-3,3-4-3,3,0,0.9,1.0
Nott'ham Forest,L,Nott'ham Forest,4-2-3-1,3-4-3,1,0,1.6,0.5
Manchester City,D,Draw,3-4-3,4-1-2-1-2,0,0,0.9,0.5
Rayo Vallecano,L,Rayo Vallecano,4-4-2,4-3-3,2.0,1.0,1.1,1.1
Espanyol,W,Real Sociedad,4-1-4-1,4-4-2,1.0,0.0,0.7,1.6
Alavés,L,Alavés,4-2-3-1,4-4-2,2.0,1.0,1.0,1.6
Getafe,D,Draw,4-4-1-1,4-2-3-1,0.0,0.0,0.0,0.6
Real Madrid,L,Real Madrid,4-2-3-1,4-5-1,2.0,0.0,1.1,2.3
Mallorca,L,Mallorca,4-2-3-1,4-1-4-1,1.0,0.0,0.6,1.2
Valladolid,D,Draw,4-1-2-1-2◆,4-2-3-1,0.0,0.0,1.4,1.0
fr Nice,D,Draw,5-3-2,3-4-3,1.0,1.0,0.7,1.3
Valencia,W,Real Sociedad,4-1-4-1,4-4-2,3.0,0.0,3.4,0.8
be Anderlecht,L,be Anderlecht,4-4-1-1,5-3-2,2.0,1.0,1.2,0.9
Atlético Madrid,D,Draw,4-1-4-1,5-4-1,1.0,1.0,1.0,0.5
Girona,W,Real Sociedad,4-1-4-1,3-1-4-2,1.0,0.0,1.7,0.4
il Maccabi Tel Aviv,W,Real Sociedad,4-1-4-1,4-2-3-1,2.0,1.0,1.3,0.5
Osasuna,L,Osasuna,4-3-3,4-1-4-1,2.0,0.0,1.6,1.0
Sevilla,W,Real Sociedad,4-1-4-1,4-2-3-1,2.0,0.0,1.4,1.1
cz Viktoria Plzeň,L,cz Viktoria Plzeň,3-4-3,4-1-4-1,2.0,1.0,1.9,0.5
Barcelona,W,Real Sociedad,4-1-4-1,4-2-3-1,1.0,0.0,2.0,0.7
FC Jove Español San Vicente,W,Real Sociedad,4-1-4-1,4-2-3-1,5.0,0.0,,
Athletic Club,L,Athletic Club,4-2-3-1,4-1-4-1,1.0,0.0,0.5,1.3
nl Ajax,W,Real Sociedad,4-3-3,4-3-3,2.0,0.0,1.8,0.7
Betis,W,Real Sociedad,4-3-3,4-2-3-1,2.0,0.0,0.8,0.4
UB Conquense,W,Real Sociedad,4-3-3,3-4-3,1.0,0.0,,
Leganés,W,Real Sociedad,4-1-4-1,4-2-3-1,3.0,0.0,1.8,0.7
ua Dynamo Kyiv,W,Real Sociedad,4-2-3-1,3-4-3,3.0,0.0,3.1,0.1
Las Palmas,D,Draw,4-1-4-1,4-2-3-1,0.0,0.0,1.1,1.0
Celta Vigo,L,Celta Vigo,3-4-3,4-1-4-1,2.0,0.0,0.3,1.3
Ponferradina,W,Real Sociedad,4-1-4-1,4-2-3-1,2.0,0.0,,
Villarreal,W,Real Sociedad,4-1-4-1,4-4-2,1.0,0.0,0.8,1.2
Rayo Vallecano,W,Real Sociedad,4-1-4-1,4-2-3-1,3.0,1.0,,
Valencia,L,Valencia,4-2-3-1,3-5-2,1.0,0.0,0.8,1.6
it Lazio,L,it Lazio,4-2-3-1,4-1-4-1,3.0,1.0,1.1,1.5
Getafe,L,Getafe,4-4-2,4-1-4-1,3.0,0.0,0.9,1.4
gr PAOK,W,Real Sociedad,4-4-2,4-2-3-1,2.0,0.0,2.0,1.4
Osasuna,L,Osasuna,4-3-3,4-1-4-1,2.0,1.0,2.0,0.7
Osasuna,W,Real Sociedad,4-1-4-1,4-2-3-1,2.0,0.0,,
Espanyol,W,Real Sociedad,4-3-3,4-4-2,2.0,1.0,1.7,0.9
dk Midtjylland,W,Real Sociedad,4-2-3-1,4-3-3,2.0,1.0,1.2,1.1
Betis,L,Betis,4-2-3-1,4-4-2,3.0,0.0,0.3,2.3
dk Midtjylland,W,Real Sociedad,4-3-3,4-3-3,5.0,2.0,4.5,1.1
Leganés,W,Real Sociedad,4-1-4-1,5-3-2,3.0,0.0,0.7,0.3
Real Madrid,L,Real Madrid,4-4-2,4-1-4-1,1.0,0.0,,
Barcelona,L,Barcelona,4-1-4-1,4-1-4-1,4.0,0.0,0.0,2.8
eng Manchester Utd,D,Draw,4-3-3,3-4-3,1.0,1.0,1.4,1.1
Sevilla,L,Sevilla,4-2-3-1,4-1-4-1,1.0,0.0,0.7,0.6
eng Manchester Utd,L,eng Manchester Utd,3-4-3,4-3-3,4.0,1.0,1.0,4.2
Rayo Vallecano,D,Draw,4-1-4-1,4-2-3-1,2.0,2.0,0.6,0.6
Valladolid,W,Real Sociedad,4-1-4-1,4-2-3-1,2.0,1.0,0.7,0.7
Real Madrid,D,Draw,4-1-4-1,4-2-3-1,4.0,4.0,,
Las Palmas,W,Real Sociedad,4-1-4-1,4-4-2,3.0,1.0,2.4,2.0
Sevilla,D,Draw,4-2-3-1,4-2-3-1,2.0,2.0,1.4,1.8
Leganés,L,Leganés,4-1-4-1,4-2-3-1,2.0,1.0,0.9,1.5
Real Madrid,D,Draw,4-1-4-1,4-2-3-1,1.0,1.0,0.8,2.5
Alavés,L,Alavés,4-4-2,4-5-1,2.0,0.0,0.7,2.0
Athletic Club,L,Athletic Club,4-2-3-1,4-5-1,3.0,2.0,1.4,1.7
Osasuna,L,Osasuna,4-1-4-1,4-5-1,2.0,1.0,0.8,1.9
Betis,D,Draw,4-1-3-2,4-2-3-1,1.0,1.0,1.0,1.9
Villarreal,L,Villarreal,4-4-2,4-4-2,3.0,1.0,0.9,2.8
Celta Vigo,L,Celta Vigo,3-4-3,4-2-3-1,1.0,0.0,1.3,0.8
Valencia,W,Las Palmas,4-2-3-1,4-4-2,3.0,2.0,1.2,1.6
Girona,W,Las Palmas,4-2-3-1,4-4-2,1.0,0.0,0.9,0.6
Ontiñena CF,W,Las Palmas,4-4-2,4-2-3-1,7.0,0.0,,
Atlético Madrid,L,Atlético Madrid,4-4-2,4-3-3,2.0,0.0,0.0,1.6
Rayo Vallecano,W,Las Palmas,4-3-3,4-4-2,3.0,1.0,1.1,2.4
Mallorca,L,Mallorca,4-4-2,4-2-3-1,3.0,2.0,1.2,1.7
Barcelona,W,Las Palmas,4-2-3-1,4-2-3-1,2.0,1.0,0.5,2.3
Europa,W,Las Palmas,4-4-2,4-4-2,2.0,1.0,,
Valladolid,W,Las Palmas,4-2-3-1,4-1-4-1,2.0,1.0,1.1,1.3
Real Sociedad,D,Draw,4-2-3-1,4-1-4-1,0.0,0.0,1.0,1.1
Espanyol,W,Las Palmas,4-3-3,4-1-4-1,1.0,0.0,0.9,0.7
Elche,L,Elche,4-2-3-1,4-4-1-1,4.0,0.0,,
Getafe,L,Getafe,4-4-2,4-2-3-1,2.0,1.0,1.3,1.1
Real Madrid,L,Real Madrid,4-2-3-1,4-5-1,4.0,1.0,1.1,5.9
Osasuna,D,Draw,4-2-3-1,4-1-4-1,1.0,1.0,0.8,2.6
Girona,L,Girona,4-2-3-1,4-2-3-1,2.0,1.0,1.5,2.0
Villarreal,L,Villarreal,4-4-2,4-2-3-1,2.0,1.0,1.4,0.9
Mallorca,L,Mallorca,4-2-3-1,4-2-3-1,3.0,1.0,0.8,1.7
Barcelona,L,Barcelona,4-2-3-1,4-2-3-1,2.0,0.0,0.4,1.4
Valladolid,D,Draw,4-2-3-1,4-2-3-1,1.0,1.0,0.2,1.8
Betis,L,Betis,4-2-3-1,5-4-1,1.0,0.0,0.6,2.3
Alavés,D,Draw,4-2-3-1,4-4-2,2.0,2.0,1.8,1.7
Celta Vigo,D,Draw,5-3-2,3-4-3,1.0,1.0,0.3,1.0
Real Sociedad,L,Real Sociedad,4-1-4-1,4-4-2,3.0,1.0,2.0,2.4
Cagliari,D,Draw,4-2-3-1,3-5-2,0.0,0.0,0.9,1.0
Empoli,L,Empoli,3-4-3,4-3-2-1,2.0,1.0,2.1,2.7
Juventus,D,Draw,4-2-3-1,4-2-3-1,0.0,0.0,0.3,0.5
Genoa,D,Draw,3-5-1-1,3-5-2,1.0,1.0,2.2,1.2
Udinese,W,Roma,3-5-1-1,3-4-3,3.0,0.0,1.9,0.7
es Athletic Club,D,Draw,3-5-2,4-2-3-1,1.0,1.0,0.5,1.0
Venezia,W,Roma,3-4-3,3-4-3,2.0,1.0,1.7,1.7
se Elfsborg,L,se Elfsborg,5-3-2,3-4-3,1.0,0.0,1.7,1.4
Monza,D,Draw,3-4-3,3-4-3,1.0,1.0,1.1,1.1
Inter,L,Inter,3-5-2,3-4-3,1.0,0.0,1.0,1.0
ua Dynamo Kyiv,W,Roma,3-4-3,5-3-2,1.0,0.0,2.3,0.7
Fiorentina,L,Fiorentina,4-2-3-1,3-5-1-1,5.0,1.0,0.8,3.7
Torino,W,Roma,3-4-3,3-5-2,1.0,0.0,0.6,0.2
Hellas Verona,L,Hellas Verona,4-2-3-1,3-4-3,3.0,2.0,1.7,1.1
be Union SG,D,Draw,3-4-3,3-5-2,1.0,1.0,0.6,0.8
Bologna,L,Bologna,4-2-3-1,3-4-3,3.0,2.0,1.3,1.7
Napoli,L,Napoli,4-3-3,4-4-1-1,1.0,0.0,0.6,1.4
eng Tottenham,D,Draw,3-4-3,4-3-3,2.0,2.0,2.1,3.2
Atalanta,L,Atalanta,3-4-3,3-5-1-1,2.0,0.0,0.4,1.3
Lecce,W,Roma,3-4-1-2,3-4-1-2,4.0,1.0,1.8,0.9
pt Braga,W,Roma,3-4-3,5-4-1,3.0,0.0,3.5,1.0
Como,L,Como,4-2-3-1,3-4-3,2.0,0.0,0.3,1.2
Sampdoria,W,Roma,3-4-3,4-3-3,4.0,1.0,,
Parma,W,Roma,3-4-3,4-2-3-1,5.0,0.0,5.4,0.4
Milan,D,Draw,3-4-3,4-2-3-1,1.0,1.0,1.3,1.9
Lazio,W,Roma,3-5-2,4-2-3-1,2.0,0.0,1.1,0.9
Bologna,D,Draw,3-5-2,4-2-3-1,2.0,2.0,1.4,2.0
Genoa,W,Roma,3-5-2,4-2-3-1,3.0,1.0,1.6,0.5
nl AZ Alkmaar,L,nl AZ Alkmaar,4-2-3-1,3-5-2,1.0,0.0,0.7,1.1
Udinese,W,Roma,3-5-1-1,3-5-2,2.0,1.0,2.7,0.8
de Eint Frankfurt,W,Roma,3-4-3,4-4-2,2.0,0.0,1.9,0.7
Napoli,D,Draw,4-3-3,4-3-3,1.0,1.0,0.5,0.4
Milan,L,Milan,4-3-3,3-5-2,3.0,1.0,,
Venezia,W,Roma,3-4-3,3-4-3,1.0,0.0,1.6,0.7
pt Porto,D,Draw,3-5-2,3-4-3,1.0,1.0,1.2,0.7
Parma,W,Roma,3-5-2,4-3-3,1.0,0.0,1.1,0.2
pt Porto,W,Roma,3-4-3,3-4-3,3.0,2.0,2.6,0.6
Monza,W,Roma,3-4-3,3-4-3,4.0,0.0,1.5,0.3
Como,W,Roma,3-4-3,4-3-3,2.0,1.0,1.6,1.2
es Athletic Club,W,Roma,3-4-3,4-2-3-1,2.0,1.0,1.2,1.2
Empoli,W,Roma,3-4-3,3-4-3,1.0,0.0,2.0,0.1
es Athletic Club,L,es Athletic Club,4-2-3-1,3-4-3,3.0,1.0,1.1,1.8
Cagliari,W,Roma,3-4-3,3-5-1-1,1.0,0.0,1.3,0.8
Lecce,W,Roma,3-4-3,4-2-3-1,1.0,0.0,2.4,0.7
Juventus,D,Draw,3-4-3,3-4-3,1.0,1.0,1.1,0.8
Cosenza,W,Torino,3-5-2,3-5-2,2.0,0.0,,
Milan,D,Draw,3-5-2,4-2-3-1,2.0,2.0,1.0,2.1
Atalanta,W,Torino,3-5-2,3-4-3,2.0,1.0,2.4,3.0
Venezia,W,Torino,3-5-2,3-4-3,1.0,0.0,1.0,0.8
Lecce,D,Draw,3-5-2,4-2-3-1,0.0,0.0,0.4,1.6
Hellas Verona,W,Torino,3-5-2,3-4-1-2,3.0,2.0,2.2,0.5
Empoli,L,Empoli,3-4-3,3-4-3,2.0,1.0,,
Lazio,L,Lazio,4-2-3-1,3-5-2,3.0,2.0,0.7,2.0
Inter,L,Inter,3-5-2,3-5-2,3.0,2.0,1.6,2.4
Cagliari,L,Cagliari,3-4-3,3-5-2,3.0,2.0,1.4,1.6
Como,W,Torino,3-5-2,4-2-3-1,1.0,0.0,1.3,1.4
Roma,L,Roma,3-4-3,3-5-2,1.0,0.0,0.2,0.6
Fiorentina,L,Fiorentina,4-2-3-1,3-5-2,1.0,0.0,0.6,0.6
Juventus,L,Juventus,4-2-3-1,3-5-2,2.0,0.0,0.4,1.7
Monza,D,Draw,3-5-2,3-4-3,1.0,1.0,1.0,0.9
Napoli,L,Napoli,4-3-3,3-5-2,1.0,0.0,0.3,1.4
Genoa,D,Draw,3-5-2,4-2-3-1,0.0,0.0,0.6,0.5
Empoli,W,Torino,3-5-2,3-4-3,1.0,0.0,1.0,0.6
Bologna,L,Bologna,4-2-3-1,3-5-2,2.0,0.0,0.3,1.7
Udinese,D,Draw,3-5-2,3-5-2,2.0,2.0,0.6,0.7
Parma,D,Draw,3-4-3,4-3-3,0.0,0.0,1.1,0.4
Juventus,D,Draw,4-4-2,4-2-3-1,1.0,1.0,0.6,0.9
Fiorentina,D,Draw,4-4-2,4-2-3-1,1.0,1.0,0.4,1.5
Cagliari,W,Torino,4-4-2,4-4-1-1,2.0,0.0,1.5,0.3
Atalanta,D,Draw,5-4-1,3-4-1-2,1.0,1.0,0.6,2.9
Genoa,D,Draw,3-4-3,4-4-2,1.0,1.0,0.7,0.3
Bologna,L,Bologna,4-2-3-1,4-2-3-1,3.0,2.0,1.0,2.3
Milan,W,Torino,4-2-3-1,4-2-3-1,2.0,1.0,0.3,2.4
Monza,W,Torino,4-2-3-1,3-5-2,2.0,0.0,1.2,1.0
Parma,D,Draw,4-2-3-1,4-3-3,2.0,2.0,0.7,1.6
Empoli,W,Torino,4-3-3,3-4-3,1.0,0.0,0.6,0.9
Lazio,D,Draw,4-2-3-1,4-2-3-1,1.0,1.0,0.4,1.2
Hellas Verona,D,Draw,4-2-3-1,3-5-2,1.0,1.0,1.1,0.9
Reggiana,W,Genoa,3-5-2,4-5-1,1,0,,
Inter,D,Draw,3-5-2,3-5-2,2,2,2.1,1.9
Monza,W,Genoa,3-5-2,3-4-3,1,0,0.7,0.4
Hellas Verona,L,Hellas Verona,3-4-3,3-5-2,2,0,1.5,1.5
Roma,D,Draw,3-5-2,3-5-1-1,1,1,1.2,2.2
Venezia,L,Venezia,3-5-2,3-5-2,2,0,0.5,1.7
Sampdoria,D,Draw,3-5-2,3-5-2,1 (5),1 (6),,
Juventus,L,Juventus,4-2-3-1,3-5-2,3,0,0.4,2.6
Atalanta,L,Atalanta,3-4-3,3-5-2,5,1,0.7,3.6
Bologna,D,Draw,3-5-1-1,4-2-3-1,2,2,0.4,0.7
Lazio,L,Lazio,4-2-3-1,4-2-3-1,3,0,0.3,2.1
Fiorentina,L,Fiorentina,4-2-3-1,3-5-2,1,0,0.9,0.5
Parma,W,Genoa,3-5-2,4-3-3,1,0,1.4,1.1
Como,D,Draw,3-5-2,4-2-3-1,1,1,0.9,1.4
Cagliari,D,Draw,4-5-1,4-2-3-1,2,2,1.7,3.0
Udinese,W,Genoa,4-1-4-1,4-4-2,2,0,1.6,0.2
Torino,D,Draw,4-2-3-1,3-5-2,0,0,0.5,0.6
Milan,D,Draw,4-2-3-1,4-2-3-1,0,0,0.3,1.1
Napoli,L,Napoli,4-3-3,4-2-3-1,2,1,1.0,1.2
Empoli,W,Genoa,4-2-3-1,4-4-2,2,1,1.8,1.3
Lecce,D,Draw,4-1-4-1,4-3-3,0,0,1.1,0.6
Parma,W,Genoa,4-1-4-1,4-2-3-1,1,0,1.2,0.4
Roma,L,Roma,3-5-2,4-2-3-1,3,1,0.5,1.6
Monza,W,Genoa,4-2-3-1,3-4-3,2,0,2.6,0.4
Fiorentina,L,Fiorentina,4-2-3-1,4-2-3-1,2,1,1.6,0.7
Torino,D,Draw,4-4-2,3-4-3,1,1,0.3,0.7
Venezia,W,Genoa,4-4-2,3-5-2,2,0,1.5,0.5
Inter,L,Inter,3-1-4-2,4-2-3-1,1,0,1.3,1.5
Empoli,D,Draw,3-4-3,3-4-3,1,1,0.3,0.9
Cagliari,D,Draw,4-2-3-1,4-2-3-1,1,1,0.9,0.7
Lecce,W,Genoa,4-2-3-1,4-2-3-1,2,1,1.0,1.2
Juventus,L,Juventus,3-4-3,4-2-3-1,1,0,0.4,0.9
Udinese,W,Genoa,3-4-3,4-4-2,1,0,1.3,1.1
Rot-Weiss Essen,W,RB Leipzig,4-4-2,5-3-2,4.0,1.0,,
Bochum,W,RB Leipzig,4-2-2-2,4-1-2-1-2,1.0,0.0,1.3,1.0
Leverkusen,W,RB Leipzig,3-4-3,3-4-3,3.0,2.0,1.1,2.2
Union Berlin,D,Draw,3-4-3,3-4-3,0.0,0.0,1.3,0.6
es Atlético Madrid,L,es Atlético Madrid,3-4-3,4-4-2,2.0,1.0,0.7,1.7
St. Pauli,D,Draw,4-4-2,3-4-3,0.0,0.0,0.7,1.4
Augsburg,W,RB Leipzig,4-4-2,3-4-3,4.0,0.0,3.0,1.1
it Juventus,L,it Juventus,4-2-3-1,4-4-2,3.0,2.0,3.3,1.2
Heidenheim,W,RB Leipzig,4-2-2-2,3-4-1-2,1.0,0.0,1.4,1.0
Mainz 05,W,RB Leipzig,3-4-3,3-4-3,2.0,0.0,1.9,0.6
eng Liverpool,L,eng Liverpool,4-3-3,4-4-2,1.0,0.0,0.8,2.3
Freiburg,W,RB Leipzig,4-2-2-2,4-2-3-1,3.0,1.0,1.8,1.7
St. Pauli,W,RB Leipzig,3-4-3,3-4-3,4.0,2.0,,
Dortmund,L,Dortmund,4-1-4-1,4-4-2,2.0,1.0,0.5,2.0
sct Celtic,L,sct Celtic,4-3-3,4-4-2,3.0,1.0,1.3,1.8
Gladbach,D,Draw,3-4-3,4-2-3-1,0.0,0.0,1.0,0.9
Hoffenheim,L,Hoffenheim,4-2-3-1,3-4-3,4.0,3.0,1.6,2.0
it Inter,L,it Inter,3-1-4-2,4-4-2,1.0,0.0,0.1,1.4
Wolfsburg,L,Wolfsburg,4-3-3,4-4-2,5.0,1.0,1.0,2.2
Eint Frankfurt,W,RB Leipzig,3-5-2,4-4-2,3.0,0.0,,
Holstein Kiel,W,RB Leipzig,3-5-2,3-5-2,2.0,0.0,1.6,1.2
eng Aston Villa,L,eng Aston Villa,4-2-3-1,4-4-2,3.0,2.0,2.2,2.1
Eint Frankfurt,W,RB Leipzig,5-3-2,3-4-3,2.0,1.0,1.9,0.9
Bayern Munich,L,Bayern Munich,4-2-3-1,5-3-2,5.0,1.0,0.4,3.3
Werder Bremen,W,RB Leipzig,3-4-3,5-4-1,4.0,2.0,2.1,1.5
Stuttgart,L,Stuttgart,4-4-2,3-4-3,2.0,1.0,1.0,2.5
Bochum,D,Draw,3-4-3,3-4-1-2,3.0,3.0,2.2,2.7
pt Sporting CP,W,RB Leipzig,4-2-2-2,4-4-2,2.0,1.0,2.3,0.9
Leverkusen,D,Draw,4-4-2,4-2-3-1,2.0,2.0,0.7,2.4
at Sturm Graz,L,at Sturm Graz,4-1-2-1-2,3-4-1-2,1.0,0.0,1.5,1.3
Union Berlin,D,Draw,3-4-1-2,4-3-3,0.0,0.0,0.3,1.3
St. Pauli,W,RB Leipzig,3-4-3,3-4-3,2.0,0.0,1.5,0.6
Augsburg,D,Draw,3-4-3,3-4-3,0.0,0.0,1.2,1.0
Heidenheim,D,Draw,4-2-2-2,3-4-3,2.0,2.0,1.9,0.8
Wolfsburg,W,RB Leipzig,3-4-1-2,4-4-2,1.0,0.0,,
Mainz 05,L,Mainz 05,3-4-3,3-4-1-2,2.0,1.0,1.4,1.5
Freiburg,D,Draw,4-4-2,4-2-3-1,0.0,0.0,1.5,0.5
Dortmund,W,RB Leipzig,3-4-3,4-2-3-1,2.0,0.0,1.8,3.0
Gladbach,L,Gladbach,4-2-3-1,3-5-2,1.0,0.0,1.3,1.8
Stuttgart,L,Stuttgart,5-3-2,4-4-2,3.0,1.0,,
Hoffenheim,W,RB Leipzig,4-2-2-2,4-2-3-1,3.0,1.0,1.6,0.9
1. FC Phönix Lübeck,W,Dortmund,3-4-3,4-2-3-1,4.0,1.0,,
Eint Frankfurt,W,Dortmund,3-4-3,4-2-3-1,2.0,0.0,1.7,1.4
Werder Bremen,D,Draw,4-2-3-1,3-4-3,0.0,0.0,0.6,0.3
Heidenheim,W,Dortmund,4-2-3-1,4-2-3-1,4.0,2.0,2.6,1.8
be Club Brugge,W,Dortmund,4-2-3-1,4-1-4-1,3.0,0.0,1.9,1.2
Stuttgart,L,Stuttgart,4-4-2,4-2-3-1,5.0,1.0,0.7,3.4
Bochum,W,Dortmund,4-2-3-1,4-1-2-1-2,4.0,2.0,3.2,1.3
sct Celtic,W,Dortmund,4-2-3-1,4-3-3,7.0,1.0,2.6,2.1
Union Berlin,L,Union Berlin,3-4-3,4-2-3-1,2.0,1.0,0.7,1.5
St. Pauli,W,Dortmund,4-2-3-1,3-4-3,2.0,1.0,2.6,0.6
es Real Madrid,L,es Real Madrid,4-3-3,4-2-3-1,5.0,2.0,1.6,3.5
Augsburg,L,Augsburg,5-3-2,4-2-3-1,2.0,1.0,1.0,0.6
Wolfsburg,L,Wolfsburg,4-4-1-1,4-2-3-1,1.0,0.0,,
RB Leipzig,W,Dortmund,4-1-4-1,4-4-2,2.0,1.0,2.0,0.5
at Sturm Graz,W,Dortmund,4-3-3,4-2-2-2,1.0,0.0,2.0,0.4
Mainz 05,L,Mainz 05,3-4-3,4-1-4-1,3.0,1.0,0.9,2.0
Freiburg,W,Dortmund,4-1-4-1,4-2-3-1,4.0,0.0,1.3,0.8
hr Dinamo Zagreb,W,Dortmund,4-3-3,5-3-2,3.0,0.0,1.7,0.2
Bayern Munich,D,Draw,4-2-3-1,4-2-3-1,1.0,1.0,0.6,1.5
Gladbach,D,Draw,4-2-3-1,4-2-3-1,1.0,1.0,1.5,1.1
es Barcelona,L,es Barcelona,4-2-3-1,4-3-3,3.0,2.0,2.7,2.0
Hoffenheim,D,Draw,4-2-3-1,4-4-2,1.0,1.0,0.5,1.0
Wolfsburg,W,Dortmund,4-1-3-2,3-5-2,3.0,1.0,2.7,1.5
Leverkusen,L,Leverkusen,4-4-2,4-1-3-2,3.0,2.0,1.3,1.6
Holstein Kiel,L,Holstein Kiel,3-4-3,4-1-4-1,4.0,2.0,1.0,1.6
Eint Frankfurt,L,Eint Frankfurt,3-4-3,3-4-3,2.0,0.0,0.8,1.7
it Bologna,L,it Bologna,4-2-3-1,4-3-3,2.0,1.0,1.0,2.1
Werder Bremen,D,Draw,4-3-3,3-1-4-2,2.0,2.0,1.0,1.3
ua Shakhtar,W,Dortmund,4-4-2,4-2-3-1,3.0,1.0,2.4,0.4
Heidenheim,W,Dortmund,3-2-4-1,4-2-3-1,2.0,1.0,2.2,0.6
Stuttgart,L,Stuttgart,3-4-3,4-2-3-1,2.0,1.0,1.4,0.3
pt Sporting CP,W,Dortmund,4-2-3-1,4-2-3-1,3.0,0.0,1.8,0.7
Bochum,L,Bochum,5-3-2,4-2-3-1,2.0,0.0,2.6,2.7
pt Sporting CP,D,Draw,4-2-3-1,3-4-3,0.0,0.0,1.9,0.4
Union Berlin,W,Dortmund,4-2-3-1,4-2-3-1,6.0,0.0,4.8,0.3
St. Pauli,W,Dortmund,4-2-3-1,3-4-3,2.0,0.0,1.5,0.4
fr Lille,D,Draw,4-2-3-1,4-2-3-1,1.0,1.0,0.3,0.9
Augsburg,L,Augsburg,3-4-3,4-2-3-1,1.0,0.0,1.2,0.2
fr Lille,W,Dortmund,4-2-3-1,4-2-3-1,2.0,1.0,3.0,1.2
RB Leipzig,L,RB Leipzig,3-4-3,4-2-3-1,2.0,0.0,3.0,1.8
Mainz 05,W,Dortmund,3-1-4-2,3-4-3,3.0,1.0,2.8,0.8
Freiburg,W,Dortmund,3-5-2,4-2-3-1,4.0,1.0,3.3,1.8
Koblenz,W,Wolfsburg,3-4-3,4-1-3-2,1.0,0.0,,
Bayern Munich,L,Bayern Munich,4-2-3-1,4-2-3-1,3.0,2.0,1.9,2.4
Holstein Kiel,W,Wolfsburg,4-2-3-1,3-4-1-2,2.0,0.0,1.3,1.1
Eint Frankfurt,L,Eint Frankfurt,4-4-2,4-1-4-1,2.0,1.0,1.5,2.5
Leverkusen,L,Leverkusen,3-4-3,4-1-4-1,4.0,3.0,0.7,1.9
Stuttgart,D,Draw,4-4-2,4-2-3-1,2.0,2.0,1.1,1.8
Bochum,W,Wolfsburg,3-4-1-2,4-3-1-2,3.0,1.0,2.4,1.7
Werder Bremen,L,Werder Bremen,3-4-3,3-4-1-2,4.0,2.0,1.8,2.0
St. Pauli,D,Draw,4-2-3-1,3-4-3,0.0,0.0,1.1,0.8
Dortmund,W,Wolfsburg,4-4-1-1,4-2-3-1,1.0,0.0,,
Augsburg,D,Draw,4-2-3-1,3-5-2,1.0,1.0,1.2,0.5
Heidenheim,W,Wolfsburg,4-5-1,4-2-3-1,3.0,1.0,1.5,2.4
Union Berlin,W,Wolfsburg,4-2-3-1,3-4-3,1.0,0.0,0.6,0.5
RB Leipzig,W,Wolfsburg,4-3-3,4-4-2,5.0,1.0,2.2,1.0
Hoffenheim,W,Wolfsburg,4-3-3,4-2-3-1,3.0,0.0,,
Mainz 05,W,Wolfsburg,4-4-2,3-4-3,4.0,3.0,1.2,2.6
Freiburg,L,Freiburg,4-2-2-2,4-4-2,3.0,2.0,1.8,2.1
Dortmund,L,Dortmund,4-1-3-2,3-5-2,3.0,1.0,1.5,2.7
Hoffenheim,W,Wolfsburg,4-3-3,4-2-3-1,1.0,0.0,0.7,0.9
Gladbach,W,Wolfsburg,4-4-2,4-2-3-1,5.0,1.0,3.9,1.1
Bayern Munich,L,Bayern Munich,4-2-3-1,4-1-3-2,3.0,2.0,0.5,3.0
Holstein Kiel,D,Draw,4-1-2-1-2◆,3-4-3,2.0,2.0,2.0,0.2
Eint Frankfurt,D,Draw,4-1-3-2,3-4-3,1.0,1.0,1.2,1.2
Leverkusen,D,Draw,4-1-3-2,3-5-2,0.0,0.0,0.7,1.4
Stuttgart,W,Wolfsburg,4-4-2,4-2-3-1,2.0,1.0,1.6,0.8
Bochum,D,Draw,4-4-2,3-5-2,1.0,1.0,1.6,0.8
RB Leipzig,L,RB Leipzig,3-4-1-2,4-4-2,1.0,0.0,,
Werder Bremen,W,Wolfsburg,4-3-3,3-5-2,2.0,1.0,0.9,1.9
St. Pauli,D,Draw,4-2-3-1,3-4-1-2,1.0,1.0,2.0,1.5
Augsburg,L,Augsburg,3-4-3,4-3-3,1.0,0.0,0.8,0.7
Heidenheim,L,Heidenheim,3-4-1-2,4-3-3,1.0,0.0,1.3,1.3
Union Berlin,L,Union Berlin,3-5-2,3-4-1-2,1.0,0.0,1.9,1.2
Saint-Étienne,W,Monaco,4-4-2,4-1-4-1,1,0,2.0,0.4
Lyon,W,Monaco,4-2-3-1,4-2-3-1,2,0,2.2,0.0
Lens,D,Draw,4-2-3-1,3-4-1-2,1,1,1.0,2.2
Auxerre,W,Monaco,4-2-3-1,3-4-3,3,0,3.4,0.6
es Barcelona,W,Monaco,4-2-3-1,4-2-3-1,2,1,1.3,0.4
Le Havre,W,Monaco,4-4-2,3-5-1-1,3,1,1.9,0.6
Montpellier,W,Monaco,4-2-2-2,4-2-3-1,2,1,3.2,0.9
hr Dinamo Zagreb,D,Draw,4-2-3-1,3-4-3,2,2,1.9,1.0
Rennes,W,Monaco,3-4-3,3-4-3,2,1,0.6,0.7
Lille,D,Draw,4-2-3-1,4-2-3-1,0,0,1.2,0.2
rs Red Star,W,Monaco,4-2-3-1,5-3-2,5,1,3.3,1.0
Nice,L,Nice,3-4-3,4-2-3-1,2,1,0.5,1.6
Angers,L,Angers,4-2-3-1,4-4-2,1,0,1.4,0.5
it Bologna,W,Monaco,4-2-3-1,4-2-3-1,1,0,0.9,0.5
Strasbourg,W,Monaco,4-2-3-1,3-4-3,3,1,3.8,0.6
Brest,W,Monaco,4-2-3-1,4-3-3,3,2,2.6,1.0
pt Benfica,L,pt Benfica,4-3-3,4-2-3-1,3,2,1.6,3.0
Marseille,L,Marseille,3-4-3,4-2-3-1,2,1,1.0,1.9
Toulouse,W,Monaco,4-2-3-1,3-4-3,2,0,3.2,0.5
eng Arsenal,L,eng Arsenal,4-3-3,4-2-3-1,3,0,0.5,2.3
Reims,D,Draw,3-4-3,4-2-3-1,0,0,1.3,1.5
Paris S-G,L,Paris S-G,4-3-3,4-2-3-1,4,2,2.4,1.8
L'Union,W,Monaco,4-2-3-1,4-3-3,4,1,,
Paris S-G,L,Paris S-G,4-3-3,4-2-3-1,1,0,,
Nantes,D,Draw,3-4-3,4-1-4-1,2,2,3.4,0.8
Reims,D,Draw,4-4-2,4-2-3-1,1 (1),1 (3),,
Montpellier,L,Montpellier,5-3-2,4-2-3-1,2,1,1.8,2.4
eng Aston Villa,W,Monaco,4-2-3-1,4-2-3-1,1,0,1.5,0.9
Rennes,W,Monaco,4-2-3-1,3-4-3,3,2,3.5,1.8
it Inter,L,it Inter,3-5-2,4-2-3-1,3,0,0.2,3.9
Auxerre,W,Monaco,4-2-3-1,5-4-1,4,2,2.6,1.2
Paris S-G,L,Paris S-G,4-3-3,4-4-2,4,1,0.9,3.1
pt Benfica,L,pt Benfica,4-3-3,4-2-3-1,1,0,0.4,2.1
Nantes,W,Monaco,4-2-3-1,5-3-2,7,1,4.4,1.4
pt Benfica,D,Draw,5-3-2,4-3-3,3,3,1.5,1.9
Lille,L,Lille,4-4-2,4-2-3-1,2,1,2.3,1.1
Reims,W,Monaco,4-2-3-1,5-3-2,3,0,3.8,0.6
Toulouse,D,Draw,4-2-3-1,3-4-3,1,1,2.4,0.6
Angers,W,Monaco,4-2-3-1,4-2-3-1,2,0,2.0,0.5
Nice,W,Monaco,4-4-2,3-4-3,2,1,2.4,0.5
Brest,L,Brest,4-3-3,4-4-2,2,1,1.5,1.0
Strasbourg,D,Draw,4-2-3-1,3-4-3,1.0,1.0,1.3,0.9
Paris S-G,L,Paris S-G,4-3-3,5-3-2,6.0,0.0,0.6,3.8
Nantes,L,Nantes,4-2-3-1,4-2-3-1,3.0,1.0,0.9,1.5
Rennes,L,Rennes,3-4-3,4-2-3-1,3.0,0.0,0.3,1.3
Auxerre,W,Montpellier,4-2-3-1,5-4-1,3.0,2.0,2.0,1.2
Monaco,L,Monaco,4-2-2-2,4-2-3-1,2.0,1.0,0.9,3.2
Reims,L,Reims,4-2-3-1,4-2-3-1,4.0,2.0,0.5,3.0
Marseille,L,Marseille,4-2-3-1,4-2-3-1,5.0,0.0,1.3,3.2
Toulouse,L,Toulouse,3-4-3,4-1-4-1,3.0,0.0,0.2,1.9
Le Havre,L,Le Havre,3-1-4-2,3-4-3,1.0,0.0,1.0,2.2
Brest,W,Montpellier,4-2-3-1,4-3-3,3.0,1.0,2.5,0.9
Saint-Étienne,L,Saint-Étienne,5-4-1,4-2-3-1,1.0,0.0,0.9,1.5
Lille,D,Draw,4-2-3-1,4-2-3-1,2.0,2.0,1.4,2.2
Lens,L,Lens,4-2-3-1,3-4-1-2,2.0,0.0,1.0,1.3
Nice,D,Draw,4-2-3-1,4-1-4-1,2.0,2.0,2.0,1.4
Le Puy Foot 43,L,Le Puy Foot 43,4-4-2,4-2-3-1,4.0,0.0,,
Lyon,L,Lyon,4-3-3,3-4-3,1.0,0.0,1.2,1.4
Angers,L,Angers,4-2-3-1,4-1-4-1,3.0,1.0,1.2,3.8
Monaco,W,Montpellier,5-3-2,4-2-3-1,2.0,1.0,2.4,1.8
Toulouse,W,Montpellier,4-3-1-2,3-4-3,2.0,1.0,0.5,1.0
Lens,L,Lens,5-3-2,4-3-1-2,2.0,0.0,0.8,2.0
Strasbourg,L,Strasbourg,3-4-3,3-4-1-2,2.0,0.0,1.8,2.7
Lyon,L,Lyon,4-2-3-1,4-3-1-2,4.0,1.0,1.4,1.0
Nice,L,Nice,3-4-3,5-3-2,2.0,0.0,0.6,1.8
Rennes,L,Rennes,3-5-2,5-3-2,4.0,0.0,1.6,2.4
Lille,L,Lille,4-3-3,5-4-1,1.0,0.0,0.3,1.5
Saint-Étienne,,Draw,4-2-3-1,4-3-3,0.0,2.0,,
Auxerre,L,Auxerre,3-4-3,4-2-3-1,1.0,0.0,0.5,2.1
Le Havre,L,Le Havre,4-2-3-1,4-2-3-1,2.0,0.0,1.0,1.4
